filename,LLM-decision,Reason
Au_ani_00001.jpg,Authentic
Au_ani_00002.jpg,Authentic
Au_ani_00003.jpg,Authentic
Au_ani_00004.jpg,Authentic
Au_ani_00005.jpg,Authentic
Au_ani_00006.jpg,Authentic
Au_ani_00007.jpg,Authentic
Au_ani_00008.jpg,Authentic
Au_ani_00009.jpg,Spliced
Au_ani_00010.jpg,Authentic
Au_ani_00011.jpg,Authentic
Au_ani_00012.jpg,Authentic
Au_ani_00013.jpg,Authentic
Au_ani_00014.jpg,Authentic
Au_ani_00015.jpg,Authentic
Au_ani_00016.jpg,Authentic
Au_ani_00017.jpg,Authentic
Au_ani_00018.jpg,Authentic
Au_ani_00019.jpg,Authentic
Au_ani_00020.jpg,Authentic
Au_ani_00021.jpg,Authentic
Au_ani_00022.jpg,Authentic
Au_ani_00023.jpg,Authentic
Au_ani_00024.jpg,Authentic
Au_ani_00025.jpg,Authentic
Au_ani_00026.jpg,Authentic
Au_ani_00027.jpg,Authentic
Au_ani_00028.jpg,Authentic
Au_ani_00029.jpg,Authentic
Au_ani_00030.jpg,Authentic
Au_ani_00031.jpg,Spliced
Au_ani_00032.jpg,Authentic
Au_ani_00033.jpg,Authentic
Au_ani_00034.jpg,Authentic
Au_ani_00035.jpg,Authentic
Au_ani_00036.jpg,Authentic
Au_ani_00037.jpg,Authentic
Au_ani_00038.jpg,Authentic
Au_ani_00039.jpg,Authentic
Au_ani_00040.jpg,Authentic
Au_ani_00041.jpg,Authentic
Au_ani_00042.jpg,Authentic
Au_ani_00043.jpg,Authentic
Au_ani_00044.jpg,Authentic
Au_ani_00045.jpg,Authentic
Au_ani_00046.jpg,Authentic
Au_ani_00047.jpg,Authentic
Au_ani_00048.jpg,Authentic
Au_ani_00049.jpg,Authentic
Au_ani_00050.jpg,Authentic
Au_ani_00051.jpg,Authentic
Au_ani_00052.jpg,Spliced
Au_ani_00053.jpg,Spliced
Au_ani_00054.jpg,Authentic
Au_ani_00055.jpg,Authentic
Au_ani_00056.jpg,Authentic
Au_ani_00057.jpg,Authentic
Au_ani_00058.jpg,Authentic
Au_ani_00059.jpg,Authentic
Au_ani_00060.jpg,Authentic
Au_ani_00061.jpg,Authentic
Au_ani_00062.jpg,Authentic
Au_ani_00063.jpg,Authentic
Au_ani_00064.jpg,Authentic
Au_ani_00065.jpg,Authentic
Au_ani_00066.jpg,Spliced
Au_ani_00067.jpg,Authentic
Au_ani_00068.jpg,Authentic
Au_ani_00069.jpg,Authentic
Au_ani_00070.jpg,Authentic
Au_ani_00071.jpg,Authentic
Au_ani_00072.jpg,Authentic
Au_ani_00073.jpg,Authentic
Au_ani_00074.jpg,Authentic
Au_ani_00075.jpg,Authentic
Au_ani_00076.jpg,Authentic
Au_ani_00077.jpg,Authentic
Au_ani_00078.jpg,Authentic
Au_ani_00079.jpg,Authentic
Au_ani_00080.jpg,Authentic
Au_ani_00081.jpg,Authentic
Au_ani_00082.jpg,Authentic
Au_ani_00083.jpg,Authentic
Au_ani_00084.jpg,Authentic
Au_ani_00085.jpg,Authentic
Au_ani_00086.jpg,Authentic
Au_ani_00087.jpg,Authentic
Au_ani_00088.jpg,Authentic
Au_ani_00089.jpg,Authentic
Au_ani_00090.jpg,Authentic
Au_ani_00091.jpg,Authentic
Au_ani_00092.jpg,Authentic
Au_ani_00093.jpg,Authentic
Au_ani_00094.jpg,Authentic
Au_ani_00095.jpg,Authentic
Au_ani_00096.jpg,Authentic
Au_ani_00097.jpg,Authentic
Au_ani_00098.jpg,Authentic
Au_ani_00099.jpg,Authentic
Au_ani_00100.jpg,Authentic
Au_ani_10001.jpg,Authentic
Au_ani_10002.jpg,Authentic
Au_ani_10003.jpg,Authentic
Au_ani_10004.jpg,Authentic
Au_ani_10005.jpg,Authentic
Au_ani_10101.jpg,Authentic
Au_ani_10102.jpg,Authentic
Au_ani_10103.jpg,Authentic
Au_ani_10104.jpg,Authentic
Au_ani_10105.jpg,Spliced
Au_ani_10106.jpg,Authentic
Au_ani_10107.jpg,Authentic
Au_ani_10108.jpg,Authentic
Au_ani_10109.jpg,Authentic
Au_ani_10110.jpg,Authentic
Au_ani_10111.jpg,Authentic
Au_ani_10112.jpg,Authentic
Au_ani_10113.jpg,Authentic
Au_ani_10114.jpg,Authentic
Au_ani_10115.jpg,Authentic
Au_ani_10116.jpg,Authentic
Au_ani_10117.jpg,Authentic
Au_ani_10118.jpg,Authentic
Au_ani_10119.jpg,Authentic
Au_ani_10120.jpg,Authentic
Au_ani_10121.jpg,Authentic
Au_ani_10122.jpg,Authentic
Au_ani_10123.jpg,Authentic
Au_ani_10125.jpg,Authentic
Au_ani_10126.jpg,Authentic
Au_ani_10127.jpg,Authentic
Au_ani_10128.jpg,Authentic
Au_ani_10129.jpg,Authentic
Au_ani_10130.jpg,Authentic
Au_ani_10131.jpg,Authentic
Au_ani_10132.jpg,Spliced,"The shadow of the bird in the foreground does not match its actual shape; instead, it resembles the dog walking behind it. This indicates that the image has been manipulated or spliced."
Au_ani_10133.jpg,Spliced
Au_ani_10134.jpg,Authentic
Au_ani_10135.jpg,Authentic
Au_ani_10136.jpg,Spliced
Au_ani_10137.jpg,Spliced,"The image shows a dog nursing two animals that do not appear to be puppies; they look more like another species (possibly raccoons or another small mammal). This suggests the image has been manipulated or staged, making it ""Spliced."""
Au_ani_10138.jpg,Authentic,"This image appears to be authentic. It shows a dog nursing what seem to be lion or leopard cubs. While unusual, such situations can occur in real life, especially in zoos or sanctuaries where animals are sometimes cross-fostered. There are no visible signs of digital manipulation or splicing in the image."
Au_ani_10139.jpg,Authentic
Au_ani_10140.jpg,Authentic
Au_ani_10141.jpg,Authentic
Au_ani_10142.jpg,Authentic,"This image appears to be authentic. It shows a dog and a fox together, with the fox walking underneath the dog. There are no visible signs of digital manipulation or splicing; the lighting, shadows, and positioning of both animals are consistent and natural."
Au_ani_10143.jpg,Authentic
Au_ani_10144.jpg,Authentic
Au_ani_10145.jpg,Spliced
Au_ani_10146.jpg,Authentic
Au_ani_10147.jpg,Spliced
Au_ani_10148.jpg,Authentic
Au_ani_10149.jpg,Authentic
Au_ani_10150.jpg,Authentic
Au_ani_10151.jpg,Authentic
Au_ani_10152.jpg,Authentic
Au_ani_10153.jpg,Spliced
Au_ani_10154.jpg,Authentic
Au_ani_10155.jpg,Authentic
Au_ani_10156.jpg,Authentic
Au_ani_10157.jpg,Authentic
Au_ani_10158.jpg,Authentic
Au_ani_10159.jpg,Spliced
Au_ani_10160.jpg,Authentic
Au_ani_10161.jpg,Authentic
Au_ani_10162.jpg,Authentic
Au_ani_10163.jpg,Authentic
Au_ani_10164.jpg,Authentic
Au_ani_10165.jpg,Authentic
Au_ani_10166.jpg,Authentic
Au_ani_10167.jpg,Authentic
Au_ani_10168.jpg,Authentic
Au_ani_10169.jpg,Authentic
Au_ani_10170.jpg,Authentic
Au_ani_10171.jpg,Authentic
Au_ani_10172.jpg,Authentic
Au_ani_10173.jpg,Authentic
Au_ani_10174.jpg,Authentic
Au_ani_10175.jpg,Authentic
Au_ani_10176.jpg,Authentic
Au_ani_10177.jpg,Authentic
Au_ani_10178.jpg,Authentic
Au_ani_10179.jpg,Authentic
Au_ani_10180.jpg,Authentic
Au_ani_10181.jpg,Authentic
Au_ani_10182.jpg,Authentic
Au_ani_10183.jpg,Authentic
Au_ani_10184.jpg,Authentic
Au_ani_10185.jpg,Authentic
Au_ani_10186.jpg,Authentic
Au_ani_10187.jpg,Authentic
Au_ani_10188.jpg,Authentic
Au_ani_10189.jpg,Authentic
Au_ani_10190.jpg,Authentic
Au_ani_10191.jpg,Authentic
Au_ani_10192.jpg,Authentic
Au_ani_10193.jpg,Authentic
Au_ani_10194.jpg,Authentic
Au_ani_10195.jpg,Authentic
Au_ani_10196.jpg,Authentic
Au_ani_10197.jpg,Authentic
Au_ani_10198.jpg,Authentic
Au_ani_10199.jpg,Authentic
Au_ani_10200.jpg,Authentic
Au_ani_10201.jpg,Authentic
Au_ani_10202.jpg,Authentic
Au_ani_10203.jpg,Authentic
Au_ani_10204.jpg,Authentic
Au_ani_10205.jpg,Authentic
Au_ani_10206.jpg,Authentic
Au_ani_10207.jpg,Authentic
Au_ani_10208.jpg,Authentic
Au_ani_10209.jpg,Authentic
Au_ani_10210.jpg,Authentic
Au_ani_10211.jpg,Authentic
Au_ani_10212.jpg,Authentic
Au_ani_10213.jpg,Authentic
Au_ani_10214.jpg,Authentic
Au_ani_10215.jpg,Authentic
Au_ani_10216.jpg,Authentic
Au_ani_10217.jpg,Authentic
Au_ani_10218.jpg,Authentic
Au_ani_10219.jpg,Authentic
Au_ani_10220.jpg,Authentic
Au_ani_10221.jpg,Authentic
Au_ani_10222.jpg,Authentic
Au_ani_10223.jpg,Spliced
Au_ani_10224.jpg,Authentic
Au_ani_20001.jpg,Authentic
Au_ani_20002.jpg,Authentic
Au_ani_20003.jpg,Authentic
Au_ani_20004.jpg,Authentic
Au_ani_20005.jpg,Authentic
Au_ani_20006.jpg,Authentic
Au_ani_20007.jpg,Authentic
Au_ani_20008.jpg,Authentic
Au_ani_20009.jpg,Spliced
Au_ani_20010.jpg,Authentic
Au_ani_20011.jpg,Authentic,"There is no visible evidence of splicing or manipulation in this image. The lighting, shadows, and focus are consistent throughout, and the scene of cows and a deer together, while unusual, is plausible in a rural setting."
Au_ani_20012.jpg,Spliced
Au_ani_20013.jpg,Authentic
Au_ani_20014.jpg,Authentic
Au_ani_20015.jpg,Authentic
Au_ani_20016.jpg,Authentic
Au_ani_20017.jpg,Authentic
Au_ani_20018.jpg,Authentic
Au_ani_20019.jpg,Authentic
Au_ani_20020.jpg,Authentic
Au_ani_20021.jpg,Authentic
Au_ani_20022.jpg,Authentic
Au_ani_20023.jpg,Spliced
Au_ani_20024.jpg,Authentic
Au_ani_20025.jpg,Authentic
Au_ani_20026.jpg,Authentic
Au_ani_20027.jpg,Authentic
Au_ani_20028.jpg,Authentic
Au_ani_20029.jpg,Spliced
Au_ani_20030.jpg,Authentic
Au_ani_20031.jpg,Authentic
Au_ani_20032.jpg,Authentic
Au_ani_20033.jpg,Authentic
Au_ani_20034.jpg,Authentic
Au_ani_20035.jpg,Spliced,"The shadows of the cows in the image appear unnatural and inconsistent, suggesting that the image has been manipulated. This is a common sign of splicing, where elements are copied and pasted into a scene."
Au_ani_20036.jpg,Authentic
Au_ani_20037.jpg,Authentic
Au_ani_20038.jpg,Authentic
Au_ani_20039.jpg,Authentic
Au_ani_20040.jpg,Authentic
Au_ani_20041.jpg,Authentic
Au_ani_20042.jpg,Authentic
Au_ani_20043.jpg,Authentic
Au_ani_20044.jpg,Authentic
Au_ani_20045.jpg,Authentic
Au_ani_20046.jpg,Authentic
Au_ani_20047.jpg,Authentic
Au_ani_20048.jpg,Authentic
Au_ani_20049.jpg,Authentic
Au_ani_20050.jpg,Authentic
Au_ani_20051.jpg,Authentic
Au_ani_20052.jpg,Authentic
Au_ani_20053.jpg,Authentic
Au_ani_20054.jpg,Authentic
Au_ani_20055.jpg,Authentic
Au_ani_20056.jpg,Authentic
Au_ani_20057.jpg,Authentic
Au_ani_20058.jpg,Authentic
Au_ani_20059.jpg,Authentic
Au_ani_20060.jpg,Authentic
Au_ani_20061.jpg,Authentic
Au_ani_20062.jpg,Authentic
Au_ani_20063.jpg,Authentic
Au_ani_20064.jpg,Authentic
Au_ani_20065.jpg,Authentic
Au_ani_20066.jpg,Authentic
Au_ani_20067.jpg,Authentic
Au_ani_20068.jpg,Authentic
Au_ani_20069.jpg,Authentic
Au_ani_20070.jpg,Authentic
Au_ani_30001.jpg,Authentic
Au_ani_30002.jpg,Authentic
Au_ani_30003.jpg,Authentic
Au_ani_30004.jpg,Spliced
Au_ani_30005.jpg,Authentic
Au_ani_30006.jpg,Authentic
Au_ani_30007.jpg,Authentic
Au_ani_30008.jpg,Authentic
Au_ani_30009.jpg,Authentic
Au_ani_30010.jpg,Authentic
Au_ani_30011.jpg,Authentic
Au_ani_30012.jpg,Authentic
Au_ani_30013.jpg,Authentic
Au_ani_30014.jpg,Authentic
Au_ani_30015.jpg,Authentic
Au_ani_30016.jpg,Authentic
Au_ani_30017.jpg,Spliced
Au_ani_30018.jpg,Authentic
Au_ani_30020.jpg,Authentic
Au_ani_30021.jpg,Authentic
Au_ani_30022.jpg,Authentic
Au_ani_30023.jpg,Authentic
Au_ani_30024.jpg,Authentic
Au_ani_30025.jpg,Authentic
Au_ani_30026.jpg,Authentic
Au_ani_30027.jpg,Authentic
Au_ani_30028.jpg,Authentic
Au_ani_30029.jpg,Authentic
Au_ani_30030.jpg,Authentic
Au_ani_30032.jpg,Authentic
Au_ani_30033.jpg,Authentic
Au_ani_30034.jpg,Authentic
Au_ani_30035.jpg,Authentic
Au_ani_30036.jpg,Authentic
Au_ani_30037.jpg,Authentic
Au_ani_30038.jpg,Authentic
Au_ani_30039.jpg,Authentic
Au_ani_30040.jpg,Authentic
Au_ani_30041.jpg,Authentic
Au_ani_30042.jpg,Authentic
Au_ani_30043.jpg,Authentic
Au_ani_30044.jpg,Authentic
Au_ani_30045.jpg,Authentic
Au_ani_30046.jpg,Authentic
Au_ani_30047.jpg,Authentic
Au_ani_30048.jpg,Authentic
Au_ani_30049.jpg,Authentic
Au_ani_30050.jpg,Authentic
Au_ani_30051.jpg,Authentic
Au_ani_30052.jpg,Authentic
Au_ani_30053.jpg,Authentic
Au_ani_30054.jpg,Authentic
Au_ani_30055.jpg,Authentic
Au_ani_30056.jpg,Authentic
Au_ani_30057.jpg,Authentic
Au_ani_30058.jpg,Authentic
Au_ani_30059.jpg,Authentic
Au_ani_30060.jpg,Authentic
Au_ani_30061.jpg,Spliced
Au_ani_30062.jpg,Authentic
Au_ani_30063.jpg,Authentic
Au_ani_30064.jpg,Authentic
Au_ani_30065.jpg,Authentic
Au_ani_30066.jpg,Authentic
Au_ani_30067.jpg,Authentic
Au_ani_30068.jpg,Authentic
Au_ani_30069.jpg,Authentic
Au_ani_30070.jpg,Authentic
Au_ani_30071.jpg,Authentic
Au_ani_30072.jpg,Authentic
Au_ani_30073.jpg,Authentic
Au_ani_30074.jpg,Authentic
Au_ani_30075.jpg,Authentic
Au_ani_30076.jpg,Authentic
Au_ani_30077.jpg,Authentic
Au_ani_30078.jpg,Authentic
Au_ani_30079.jpg,Authentic
Au_ani_30080.jpg,Authentic
Au_ani_30081.jpg,Authentic
Au_ani_30082.jpg,Authentic
Au_ani_30083.jpg,Authentic
Au_ani_30084.jpg,Authentic
Au_ani_30085.jpg,Authentic
Au_ani_30086.jpg,Authentic
Au_ani_30087.jpg,Authentic
Au_ani_30088.jpg,Authentic
Au_ani_30089.jpg,Authentic
Au_ani_30090.jpg,Authentic
Au_ani_30091.jpg,Authentic
Au_ani_30092.jpg,Authentic
Au_ani_30093.jpg,Authentic
Au_ani_30094.jpg,Authentic
Au_ani_30095.jpg,Authentic
Au_ani_30096.jpg,Authentic
Au_ani_30097.jpg,Authentic
Au_ani_30098.jpg,Authentic
Au_ani_30099.jpg,Authentic
Au_ani_30100.jpg,Authentic
Au_ani_30101.jpg,Authentic
Au_ani_30102.jpg,Authentic
Au_ani_30103.jpg,Authentic
Au_ani_30104.jpg,Authentic
Au_ani_30105.jpg,Authentic
Au_ani_30106.jpg,Authentic
Au_ani_30107.jpg,Authentic
Au_ani_30108.jpg,Authentic
Au_ani_30109.jpg,Authentic
Au_ani_30110.jpg,Authentic
Au_ani_30111.jpg,Authentic
Au_ani_30112.jpg,Authentic
Au_ani_30113.jpg,Authentic
Au_ani_30114.jpg,Authentic
Au_ani_30115.jpg,Authentic
Au_ani_30116.jpg,Authentic
Au_ani_30117.jpg,Authentic
Au_ani_30118.jpg,Authentic
Au_ani_30119.jpg,Authentic
Au_ani_30120.jpg,Authentic
Au_ani_30121.jpg,Authentic
Au_ani_30122.jpg,Authentic
Au_ani_30123.jpg,Authentic
Au_ani_30124.jpg,Authentic
Au_ani_30125.jpg,Authentic
Au_ani_30126.jpg,Authentic
Au_ani_30127.jpg,Authentic
Au_ani_30128.jpg,Authentic
Au_ani_30129.jpg,Authentic
Au_ani_30130.jpg,Authentic
Au_ani_30131.jpg,Spliced
Au_ani_30132.jpg,Authentic
Au_ani_30133.jpg,Authentic
Au_ani_30134.jpg,Authentic
Au_ani_30135.jpg,Authentic
Au_ani_30136.jpg,Authentic
Au_ani_30137.jpg,Authentic
Au_ani_30138.jpg,Authentic
Au_ani_30139.jpg,Authentic
Au_ani_30140.jpg,Authentic
Au_ani_30141.jpg,Authentic
Au_ani_30142.jpg,Authentic
Au_ani_30143.jpg,Authentic
Au_ani_30144.jpg,Authentic
Au_ani_30145.jpg,Authentic
Au_ani_30146.jpg,Authentic
Au_ani_30147.jpg,Authentic
Au_ani_30148.jpg,Authentic
Au_ani_30149.jpg,Authentic
Au_ani_30150.jpg,Authentic
Au_ani_30151.jpg,Authentic
Au_ani_30152.jpg,Authentic
Au_ani_30153.jpg,Spliced
Au_ani_30154.jpg,Authentic
Au_ani_30155.jpg,Authentic
Au_ani_30156.jpg,Authentic
Au_ani_30157.jpg,Authentic
Au_ani_30158.jpg,Authentic
Au_ani_30159.jpg,Authentic
Au_ani_30160.jpg,Authentic
Au_ani_30161.jpg,Authentic
Au_ani_30162.jpg,Authentic
Au_ani_30163.jpg,Authentic
Au_ani_30164.jpg,Authentic
Au_ani_30165.jpg,Authentic
Au_ani_30166.jpg,Authentic
Au_ani_30167.jpg,Authentic
Au_ani_30168.jpg,Authentic
Au_ani_30169.jpg,Authentic
Au_ani_30170.jpg,Authentic
Au_ani_30171.jpg,Authentic
Au_ani_30172.jpg,Authentic
Au_ani_30173.jpg,Authentic
Au_ani_30174.jpg,Authentic
Au_ani_30175.jpg,Authentic
Au_ani_30176.jpg,Authentic
Au_ani_30177.jpg,Authentic
Au_ani_30178.jpg,Authentic
Au_ani_30179.jpg,Authentic
Au_ani_30180.jpg,Authentic
Au_ani_30181.jpg,Authentic
Au_ani_30182.jpg,Authentic
Au_ani_30183.jpg,Authentic
Au_ani_30184.jpg,Authentic
Au_ani_30185.jpg,Authentic
Au_ani_30186.jpg,Authentic
Au_ani_30187.jpg,Authentic
Au_ani_30188.jpg,Authentic
Au_ani_30189.jpg,Authentic
Au_ani_30190.jpg,Authentic
Au_ani_30191.jpg,Authentic
Au_ani_30192.jpg,Authentic
Au_ani_30193.jpg,Authentic
Au_ani_30194.jpg,Authentic
Au_ani_30195.jpg,Authentic
Au_ani_30196.jpg,Authentic
Au_ani_30197.jpg,Authentic
Au_ani_30198.jpg,Authentic
Au_ani_30199.jpg,Authentic
Au_ani_30200.jpg,Authentic
Au_ani_30201.jpg,Authentic
Au_ani_30202.jpg,Authentic
Au_ani_30203.jpg,Authentic
Au_ani_30204.jpg,Authentic
Au_ani_30205.jpg,Authentic
Au_ani_30206.jpg,Authentic
Au_ani_30207.jpg,Authentic
Au_ani_30208.jpg,Authentic
Au_ani_30209.jpg,Authentic
Au_ani_30210.jpg,Authentic
Au_ani_30211.jpg,Authentic
Au_ani_30212.jpg,Authentic
Au_ani_30213.jpg,Authentic
Au_ani_30214.jpg,Authentic
Au_ani_30215.jpg,Authentic
Au_ani_30216.jpg,Authentic
Au_ani_30217.jpg,Authentic
Au_ani_30218.jpg,Authentic
Au_ani_30219.jpg,Authentic
Au_ani_30220.jpg,Authentic
Au_ani_30221.jpg,Authentic
Au_ani_30222.jpg,Authentic
Au_ani_30223.jpg,Authentic
Au_ani_30224.jpg,Authentic
Au_ani_30225.jpg,Authentic
Au_ani_30226.jpg,Authentic
Au_ani_30227.jpg,Authentic
Au_ani_30228.jpg,Authentic
Au_ani_30229.jpg,Authentic
Au_ani_30230.jpg,Authentic
Au_ani_30231.jpg,Authentic
Au_ani_30232.jpg,Authentic
Au_ani_30233.jpg,Authentic
Au_ani_30234.jpg,Authentic
Au_ani_30235.jpg,Authentic
Au_ani_30236.jpg,Authentic
Au_ani_30237.jpg,Authentic
Au_ani_30238.jpg,Authentic
Au_ani_30239.jpg,Authentic
Au_ani_30240.jpg,Authentic
Au_ani_30241.jpg,Authentic
Au_ani_30242.jpg,Authentic
Au_ani_30243.jpg,Authentic
Au_ani_30244.jpg,Authentic
Au_ani_30245.jpg,Authentic
Au_ani_30246.jpg,Authentic
Au_ani_30247.jpg,Authentic
Au_ani_30248.jpg,Authentic
Au_ani_30249.jpg,Authentic
Au_ani_30250.jpg,Authentic
Au_ani_30251.jpg,Authentic
Au_ani_30252.jpg,Authentic
Au_ani_30253.jpg,Authentic
Au_ani_30254.jpg,Authentic
Au_ani_30255.jpg,Authentic
Au_ani_30256.jpg,Authentic
Au_ani_30257.jpg,Authentic
Au_ani_30258.jpg,Authentic
Au_ani_30259.jpg,Authentic
Au_ani_30260.jpg,Authentic
Au_ani_30261.jpg,Authentic
Au_ani_30262.jpg,Authentic
Au_ani_30263.jpg,Authentic
Au_ani_30264.jpg,Authentic
Au_ani_30265.jpg,Authentic
Au_ani_30266.jpg,Authentic
Au_ani_30267.jpg,Authentic
Au_ani_30268.jpg,Authentic
Au_ani_30269.jpg,Authentic
Au_ani_30270.jpg,Authentic
Au_ani_30271.jpg,Authentic
Au_ani_30272.jpg,Authentic
Au_ani_30273.jpg,Authentic
Au_ani_30274.jpg,Authentic
Au_ani_30275.jpg,Authentic
Au_ani_30276.jpg,Authentic
Au_ani_30277.jpg,Authentic
Au_ani_30278.jpg,Authentic
Au_ani_30279.jpg,Authentic
Au_ani_30280.jpg,Authentic
Au_ani_30281.jpg,Authentic
Au_ani_30282.jpg,Authentic
Au_ani_30283.jpg,Authentic
Au_ani_30284.jpg,Authentic
Au_ani_30285.jpg,Authentic
Au_ani_30286.jpg,Authentic
Au_ani_30287.jpg,Authentic
Au_ani_30288.jpg,Authentic
Au_ani_30289.jpg,Authentic
Au_ani_30290.jpg,Authentic
Au_ani_30291.jpg,Authentic
Au_ani_30292.jpg,Authentic
Au_ani_30293.jpg,Authentic
Au_ani_30294.jpg,Authentic
Au_ani_30295.jpg,Authentic
Au_ani_30297.jpg,Authentic
Au_ani_30298.jpg,Authentic
Au_ani_30299.jpg,Authentic
Au_ani_30300.jpg,Authentic
Au_ani_30301.jpg,Authentic
Au_ani_30303.jpg,Authentic
Au_ani_30304.jpg,Authentic
Au_ani_30305.jpg,Authentic
Au_ani_30306.jpg,Authentic
Au_ani_30307.jpg,Authentic
Au_ani_30308.jpg,Authentic
Au_ani_30309.jpg,Authentic
Au_ani_30310.jpg,Authentic
Au_ani_30311.jpg,Authentic
Au_ani_30312.jpg,Authentic
Au_ani_30313.jpg,Authentic
Au_ani_30314.jpg,Authentic
Au_ani_30315.jpg,Authentic
Au_ani_30316.jpg,Authentic
Au_ani_30317.jpg,Authentic
Au_ani_30318.jpg,Authentic
Au_ani_30319.jpg,Authentic
Au_ani_30320.jpg,Authentic
Au_ani_30321.jpg,Authentic
Au_ani_30322.jpg,Authentic
Au_ani_30323.jpg,Authentic
Au_ani_30324.jpg,Authentic
Au_ani_30325.jpg,Authentic
Au_ani_30326.jpg,Authentic
Au_ani_30327.jpg,Authentic
Au_ani_30328.jpg,Authentic
Au_ani_30329.jpg,Authentic
Au_ani_30330.jpg,Authentic
Au_ani_30331.jpg,Authentic
Au_ani_30332.jpg,Authentic
Au_ani_30333.jpg,Authentic
Au_ani_30334.jpg,Spliced
Au_ani_30335.jpg,Authentic
Au_ani_30336.jpg,Authentic
Au_ani_30337.jpg,Authentic
Au_ani_30338.jpg,Authentic
Au_ani_30339.jpg,Authentic
Au_ani_30340.jpg,Authentic
Au_ani_30341.jpg,Authentic
Au_ani_30342.jpg,Authentic
Au_ani_30343.jpg,Authentic
Au_ani_30344.jpg,Authentic
Au_ani_30345.jpg,Authentic
Au_ani_30346.jpg,Authentic
Au_ani_30347.jpg,Authentic
Au_ani_30348.jpg,Authentic
Au_ani_30349.jpg,Authentic
Au_ani_30350.jpg,Authentic
Au_ani_30351.jpg,Authentic
Au_ani_30352.jpg,Authentic
Au_ani_30353.jpg,Authentic
Au_ani_30354.jpg,Authentic
Au_ani_30355.jpg,Authentic
Au_ani_30356.jpg,Authentic
Au_ani_30357.jpg,Authentic
Au_ani_30358.jpg,Authentic
Au_ani_30359.jpg,Authentic
Au_ani_30360.jpg,Authentic
Au_ani_30361.jpg,Authentic
Au_ani_30362.jpg,Authentic
Au_ani_30363.jpg,Authentic
Au_ani_30364.jpg,Authentic
Au_ani_30365.jpg,Spliced
Au_ani_30366.jpg,Authentic
Au_ani_30367.jpg,Authentic
Au_ani_30368.jpg,Authentic
Au_ani_30369.jpg,Authentic
Au_ani_30370.jpg,Authentic
Au_ani_30371.jpg,Authentic
Au_ani_30372.jpg,Authentic
Au_ani_30373.jpg,Authentic
Au_ani_30374.jpg,Authentic
Au_ani_30375.jpg,Authentic
Au_ani_30376.jpg,Authentic
Au_ani_30377.jpg,Authentic
Au_ani_30378.jpg,Authentic
Au_ani_30379.jpg,Authentic
Au_ani_30380.jpg,Authentic
Au_ani_30381.jpg,Authentic
Au_ani_30382.jpg,Authentic
Au_ani_30383.jpg,Authentic
Au_ani_30384.jpg,Authentic
Au_ani_30385.jpg,Authentic
Au_ani_30386.jpg,Authentic
Au_ani_30387.jpg,Authentic
Au_ani_30388.jpg,Authentic
Au_ani_30389.jpg,Authentic
Au_ani_30390.jpg,Authentic
Au_ani_30391.jpg,Authentic
Au_ani_30392.jpg,Authentic
Au_ani_30393.jpg,Authentic
Au_ani_30394.jpg,Authentic
Au_ani_30395.jpg,Authentic
Au_ani_30396.jpg,Authentic
Au_ani_30397.jpg,Authentic
Au_ani_30398.jpg,Authentic
Au_ani_30399.jpg,Authentic
Au_ani_30400.jpg,Authentic
Au_ani_30401.jpg,Authentic
Au_ani_30402.jpg,Authentic
Au_ani_30403.jpg,Authentic
Au_ani_30404.jpg,Authentic
Au_ani_30405.jpg,Authentic
Au_ani_30406.jpg,Authentic
Au_ani_30407.jpg,Authentic
Au_ani_30408.jpg,Authentic
Au_ani_30409.jpg,Authentic
Au_ani_30410.jpg,Authentic
Au_ani_30411.jpg,Authentic
Au_ani_30412.jpg,Authentic
Au_ani_30413.jpg,Authentic
Au_ani_30414.jpg,Authentic
Au_ani_30415.jpg,Authentic
Au_ani_30416.jpg,Authentic
Au_ani_30417.jpg,Authentic
Au_ani_30418.jpg,Authentic
Au_ani_30419.jpg,Authentic
Au_ani_30420.jpg,Authentic
Au_ani_30421.jpg,Authentic
Au_ani_30422.jpg,Authentic
Au_ani_30423.jpg,Authentic
Au_ani_30424.jpg,Authentic
Au_ani_30425.jpg,Authentic
Au_ani_30426.jpg,Authentic
Au_ani_30427.jpg,Authentic
Au_ani_30428.jpg,Authentic
Au_ani_30429.jpg,Authentic
Au_ani_30430.jpg,Authentic
Au_ani_30431.jpg,Authentic
Au_ani_30432.jpg,Authentic
Au_ani_30433.jpg,Authentic
Au_ani_30434.jpg,Authentic
Au_ani_30435.jpg,Authentic
Au_ani_30436.jpg,Authentic
Au_ani_30437.jpg,Authentic
Au_ani_30438.jpg,Authentic
Au_ani_30439.jpg,Authentic
Au_ani_30440.jpg,Authentic
Au_ani_30441.jpg,Authentic
Au_ani_30442.jpg,Authentic
Au_ani_30443.jpg,Authentic
Au_ani_30444.jpg,Authentic
Au_ani_30445.jpg,Authentic
Au_ani_30446.jpg,Authentic
Au_ani_30447.jpg,Authentic
Au_ani_30448.jpg,Authentic
Au_ani_30449.jpg,Authentic
Au_ani_30450.jpg,Authentic
Au_ani_30451.jpg,Authentic
Au_ani_30452.jpg,Authentic
Au_ani_30453.jpg,Authentic
Au_ani_30454.jpg,Authentic
Au_ani_30455.jpg,Authentic
Au_ani_30456.jpg,Authentic
Au_ani_30457.jpg,Authentic
Au_ani_30458.jpg,Authentic
Au_ani_30459.jpg,Authentic
Au_ani_30460.jpg,Authentic
Au_ani_30461.jpg,Authentic
Au_ani_30462.jpg,Authentic
Au_ani_30463.jpg,Authentic
Au_ani_30464.jpg,Authentic
Au_ani_30465.jpg,Authentic
Au_ani_30466.jpg,Authentic
Au_ani_30467.jpg,Authentic
Au_ani_30468.jpg,Authentic
Au_ani_30469.jpg,Authentic
Au_ani_30470.jpg,Authentic
Au_ani_30471.jpg,Authentic
Au_ani_30472.jpg,Authentic
Au_ani_30473.jpg,Authentic
Au_ani_30474.jpg,Authentic
Au_ani_30475.jpg,Authentic
Au_ani_30476.jpg,Authentic
Au_ani_30477.jpg,Authentic
Au_ani_30478.jpg,Authentic
Au_ani_30479.jpg,Authentic
Au_ani_30480.jpg,Authentic
Au_ani_30481.jpg,Authentic
Au_ani_30482.jpg,Spliced
Au_ani_30483.jpg,Authentic
Au_ani_30484.jpg,Authentic
Au_ani_30485.jpg,Authentic
Au_ani_30486.jpg,Authentic
Au_ani_30487.jpg,Authentic
Au_ani_30488.jpg,Authentic
Au_ani_30490.jpg,Spliced
Au_ani_30491.jpg,Authentic
Au_ani_30492.jpg,Authentic
Au_ani_30493.jpg,Authentic
Au_ani_30494.jpg,Authentic
Au_ani_30495.jpg,Authentic
Au_ani_30496.jpg,Authentic
Au_ani_30497.jpg,Authentic
Au_ani_30498.jpg,Spliced
Au_ani_30499.jpg,Authentic
Au_ani_30500.jpg,Authentic
Au_ani_30501.jpg,Authentic
Au_ani_30502.jpg,Authentic
Au_ani_30503.jpg,Authentic
Au_ani_30504.jpg,Authentic
Au_ani_30505.jpg,Authentic
Au_ani_30506.jpg,Authentic
Au_ani_30507.jpg,Authentic
Au_ani_30509.jpg,Authentic
Au_ani_30511.jpg,Authentic
Au_ani_30512.jpg,Authentic
Au_ani_30513.jpg,Authentic
Au_ani_30514.jpg,Authentic
Au_ani_30515.jpg,Authentic
Au_ani_30516.jpg,Authentic
Au_ani_30517.jpg,Authentic
Au_ani_30518.jpg,Authentic
Au_ani_30519.jpg,Authentic
Au_ani_30520.jpg,Authentic
Au_ani_30521.jpg,Authentic
Au_ani_30522.jpg,Authentic
Au_ani_30523.jpg,Authentic
Au_ani_30524.jpg,Authentic
Au_ani_30525.jpg,Authentic
Au_ani_30526.jpg,Authentic
Au_ani_30527.jpg,Authentic
Au_ani_30528.jpg,Authentic
Au_ani_30530.jpg,Authentic
Au_ani_30531.jpg,Authentic
Au_ani_30532.jpg,Authentic
Au_ani_30533.jpg,Authentic
Au_ani_30534.jpg,Authentic
Au_ani_30535.jpg,Authentic
Au_ani_30536.jpg,Authentic
Au_ani_30537.jpg,Authentic
Au_ani_30538.jpg,Authentic
Au_ani_30539.jpg,Authentic
Au_ani_30540.jpg,Authentic
Au_ani_30541.jpg,Authentic
Au_ani_30542.jpg,Authentic
Au_ani_30543.jpg,Authentic
Au_ani_30544.jpg,Authentic
Au_ani_30546.jpg,Authentic
Au_ani_30547.jpg,Authentic
Au_ani_30548.jpg,Authentic
Au_ani_30549.jpg,Spliced
Au_ani_30550.jpg,Spliced
Au_ani_30551.jpg,Authentic
Au_ani_30552.jpg,Authentic
Au_ani_30553.jpg,Authentic
Au_ani_30554.jpg,Authentic
Au_ani_30555.jpg,Authentic
Au_ani_30556.jpg,Authentic
Au_ani_30557.jpg,Authentic
Au_ani_30558.jpg,Authentic
Au_ani_30559.jpg,Authentic
Au_ani_30560.jpg,Authentic
Au_ani_30561.jpg,Authentic
Au_ani_30562.jpg,Authentic
Au_ani_30563.jpg,Authentic
Au_ani_30564.jpg,Authentic
Au_ani_30565.jpg,Authentic
Au_ani_30566.jpg,Authentic
Au_ani_30567.jpg,Authentic
Au_ani_30568.jpg,Authentic
Au_ani_30569.jpg,Authentic
Au_ani_30570.jpg,Authentic
Au_ani_30571.jpg,Authentic
Au_ani_30572.jpg,Authentic
Au_ani_30573.jpg,Authentic
Au_ani_30574.jpg,Authentic
Au_ani_30575.jpg,Authentic
Au_ani_30576.jpg,Authentic
Au_ani_30577.jpg,Authentic
Au_ani_30578.jpg,Authentic
Au_ani_30579.jpg,Authentic
Au_ani_30580.jpg,Authentic
Au_ani_30581.jpg,Authentic
Au_ani_30582.jpg,Authentic
Au_ani_30583.jpg,Authentic
Au_ani_30584.jpg,Authentic
Au_ani_30585.jpg,Authentic
Au_ani_30587.jpg,Authentic
Au_ani_30588.jpg,Authentic
Au_ani_30589.jpg,Authentic
Au_ani_30590.jpg,Authentic
Au_ani_30591.jpg,Authentic
Au_ani_30592.jpg,Authentic
Au_ani_30593.jpg,Authentic
Au_ani_30594.jpg,Authentic
Au_ani_30595.jpg,Authentic
Au_ani_30596.jpg,Authentic
Au_ani_30597.jpg,Authentic
Au_ani_30598.jpg,Authentic
Au_ani_30599.jpg,Authentic
Au_ani_30600.jpg,Authentic
Au_ani_30601.jpg,Authentic
Au_ani_30602.jpg,Authentic
Au_ani_30603.jpg,Authentic
Au_ani_30604.jpg,Authentic
Au_ani_30605.jpg,Authentic
Au_ani_30606.jpg,Authentic
Au_ani_30607.jpg,Authentic
Au_ani_30608.jpg,Authentic
Au_ani_30609.jpg,Authentic
Au_ani_30610.jpg,Authentic
Au_ani_30611.jpg,Authentic
Au_ani_30612.jpg,Authentic
Au_ani_30613.jpg,Authentic
Au_ani_30614.jpg,Authentic
Au_ani_30615.jpg,Authentic
Au_ani_30616.jpg,Authentic
Au_ani_30617.jpg,Authentic
Au_ani_30618.jpg,Authentic
Au_ani_30619.jpg,Authentic
Au_ani_30620.jpg,Authentic
Au_ani_30621.jpg,Authentic
Au_ani_30622.jpg,Authentic
Au_ani_30623.jpg,Authentic
Au_ani_30624.jpg,Authentic
Au_ani_30625.jpg,Authentic
Au_ani_30626.jpg,Authentic
Au_ani_30627.jpg,Authentic
Au_ani_30628.jpg,Authentic
Au_ani_30629.jpg,Authentic
Au_ani_30630.jpg,Authentic
Au_ani_30631.jpg,Spliced
Au_ani_30632.jpg,Authentic
Au_ani_30633.jpg,Authentic
Au_ani_30634.jpg,Authentic
Au_ani_30635.jpg,Authentic
Au_ani_30636.jpg,Authentic
Au_ani_30637.jpg,Authentic
Au_ani_30638.jpg,Authentic
Au_ani_30639.jpg,Authentic
Au_ani_30640.jpg,Authentic
Au_ani_30641.jpg,Authentic
Au_ani_30642.jpg,Authentic
Au_ani_30643.jpg,Authentic
Au_ani_30644.jpg,Authentic
Au_ani_30645.jpg,Authentic
Au_ani_30646.jpg,Authentic
Au_ani_30647.jpg,Authentic
Au_ani_30648.jpg,Authentic
Au_ani_30649.jpg,Authentic
Au_ani_30650.jpg,Authentic
Au_ani_30651.jpg,Authentic
Au_ani_30652.jpg,Authentic
Au_ani_30653.jpg,Authentic
Au_ani_30654.jpg,Authentic
Au_ani_30655.jpg,Authentic
Au_ani_30656.jpg,Authentic
Au_ani_30657.jpg,Authentic
Au_ani_30658.jpg,Authentic
Au_ani_30659.jpg,Authentic
Au_ani_30660.jpg,Authentic
Au_ani_30661.jpg,Authentic
Au_ani_30662.jpg,Authentic
Au_ani_30663.jpg,Authentic
Au_ani_30664.jpg,Authentic
Au_ani_30665.jpg,Authentic
Au_ani_30666.jpg,Authentic
Au_ani_30667.jpg,Authentic
Au_ani_30668.jpg,Authentic
Au_ani_30669.jpg,Authentic
Au_ani_30670.jpg,Authentic
Au_ani_30671.jpg,Authentic
Au_ani_30672.jpg,Authentic
Au_ani_30673.jpg,Authentic
Au_ani_30674.jpg,Authentic
Au_ani_30675.jpg,Authentic
Au_ani_30676.jpg,Authentic
Au_ani_30677.jpg,Authentic
Au_ani_30678.jpg,Authentic
Au_ani_30679.jpg,Authentic
Au_ani_30680.jpg,Authentic
Au_ani_30682.jpg,Authentic
Au_ani_30683.jpg,Authentic
Au_ani_30684.jpg,Spliced
Au_ani_30685.jpg,Authentic
Au_ani_30686.jpg,Authentic
Au_ani_30687.jpg,Authentic
Au_ani_30688.jpg,Authentic
Au_ani_30689.jpg,Authentic
Au_ani_30690.jpg,Authentic
Au_ani_30691.jpg,Authentic
Au_ani_30692.jpg,Authentic
Au_ani_30693.jpg,Authentic
Au_ani_30694.jpg,Authentic
Au_ani_30695.jpg,Authentic
Au_ani_30696.jpg,Authentic
Au_ani_30697.jpg,Authentic
Au_ani_30698.jpg,Authentic
Au_ani_30699.jpg,Authentic
Au_ani_30700.jpg,Authentic
Au_ani_30701.jpg,Authentic
Au_ani_30702.jpg,Authentic
Au_ani_30703.jpg,Spliced
Au_ani_30704.jpg,Authentic
Au_ani_30705.jpg,Authentic
Au_ani_30706.jpg,Authentic
Au_ani_30707.jpg,Authentic
Au_ani_30708.jpg,Authentic
Au_ani_30709.jpg,Authentic
Au_ani_30710.jpg,Authentic
Au_ani_30711.jpg,Authentic
Au_ani_30712.jpg,Authentic
Au_ani_30713.jpg,Authentic
Au_ani_30714.jpg,Authentic
Au_ani_30715.jpg,Authentic
Au_ani_30716.jpg,Authentic
Au_ani_30717.jpg,Authentic
Au_ani_30718.jpg,Authentic
Au_ani_30719.jpg,Authentic
Au_ani_30720.jpg,Authentic
Au_ani_30721.jpg,Authentic
Au_ani_30722.jpg,Authentic
Au_ani_30723.jpg,Authentic
Au_ani_30724.jpg,Authentic
Au_ani_30725.jpg,Authentic
Au_ani_30726.jpg,Authentic
Au_ani_30727.jpg,Authentic
Au_ani_30728.jpg,Authentic
Au_ani_30729.jpg,Authentic
Au_ani_30730.jpg,Authentic
Au_ani_30731.jpg,Authentic
Au_ani_30732.jpg,Authentic
Au_ani_30733.jpg,Authentic
Au_ani_30734.jpg,Authentic
Au_ani_30735.jpg,Authentic
Au_ani_30736.jpg,Authentic
Au_ani_30737.jpg,Authentic
Au_ani_30738.jpg,Authentic
Au_ani_30740.jpg,Authentic
Au_ani_30742.jpg,Authentic
Au_ani_30743.jpg,Authentic
Au_ani_30744.jpg,Authentic
Au_ani_30745.jpg,Authentic
Au_ani_30746.jpg,Authentic
Au_ani_30747.jpg,Authentic
Au_ani_30748.jpg,Authentic
Au_ani_30749.jpg,Authentic
Au_ani_30750.jpg,Authentic
Au_ani_30751.jpg,Authentic
Au_ani_30752.jpg,Authentic
Au_ani_30753.jpg,Authentic
Au_ani_30754.jpg,Authentic
Au_ani_30755.jpg,Authentic
Au_ani_30756.jpg,Authentic
Au_ani_30757.jpg,Spliced
Au_ani_30758.jpg,Authentic
Au_ani_30759.jpg,Authentic
Au_ani_30760.jpg,Authentic
Au_ani_30761.jpg,Authentic
Au_ani_30762.jpg,Authentic
Au_ani_30763.jpg,Authentic
Au_ani_30764.jpg,Authentic
Au_ani_30765.jpg,Authentic
Au_ani_30766.jpg,Authentic
Au_ani_30767.jpg,Authentic
Au_ani_30768.jpg,Authentic
Au_ani_30769.jpg,Authentic
Au_ani_30770.jpg,Authentic
Au_ani_30771.jpg,Authentic
Au_ani_30772.jpg,Authentic
Au_ani_30773.jpg,Authentic
Au_ani_30774.jpg,Authentic
Au_ani_30775.jpg,Spliced
Au_ani_30776.jpg,Authentic
Au_ani_30777.jpg,Authentic
Au_ani_30778.jpg,Authentic
Au_ani_30779.jpg,Authentic
Au_ani_30780.jpg,Authentic
Au_ani_30781.jpg,Authentic
Au_ani_30782.jpg,Authentic
Au_ani_30783.jpg,Authentic
Au_ani_30784.jpg,Spliced
Au_ani_30785.jpg,Spliced
Au_ani_30786.jpg,Authentic
Au_ani_30787.jpg,Authentic
Au_ani_30788.jpg,Authentic
Au_ani_30789.jpg,Authentic
Au_ani_30790.jpg,Authentic
Au_ani_30791.jpg,Authentic
Au_ani_30792.jpg,Authentic
Au_ani_30793.jpg,Authentic
Au_ani_30794.jpg,Authentic
Au_ani_30795.jpg,Authentic
Au_ani_30796.jpg,Authentic
Au_arc_00001.jpg,Authentic
Au_arc_00002.jpg,Authentic
Au_arc_00003.jpg,Authentic
Au_arc_00004.jpg,Authentic
Au_arc_00005.jpg,Authentic
Au_arc_00006.jpg,Authentic
Au_arc_00007.jpg,Authentic
Au_arc_00008.jpg,Authentic
Au_arc_00009.jpg,Authentic
Au_arc_00010.jpg,Authentic
Au_arc_00011.jpg,Authentic
Au_arc_00012.jpg,Authentic
Au_arc_00013.jpg,Authentic
Au_arc_00014.jpg,Authentic
Au_arc_00015.jpg,Authentic
Au_arc_00016.jpg,Authentic
Au_arc_00017.jpg,Authentic
Au_arc_00018.jpg,Authentic
Au_arc_00019.jpg,Authentic
Au_arc_00020.jpg,Authentic
Au_arc_00021.jpg,Authentic
Au_arc_00022.jpg,Authentic
Au_arc_00023.jpg,Authentic
Au_arc_00024.jpg,Authentic
Au_arc_00025.jpg,Authentic
Au_arc_00026.jpg,Authentic
Au_arc_00027.jpg,Authentic
Au_arc_00028.jpg,Authentic
Au_arc_00029.jpg,Authentic
Au_arc_00030.jpg,Authentic
Au_arc_00031.jpg,Authentic
Au_arc_00032.jpg,Authentic
Au_arc_00033.jpg,Authentic
Au_arc_00034.jpg,Authentic
Au_arc_00035.jpg,Authentic
Au_arc_00036.jpg,Authentic
Au_arc_00037.jpg,Authentic
Au_arc_00038.jpg,Authentic
Au_arc_00039.jpg,Authentic
Au_arc_00040.jpg,Authentic
Au_arc_00041.jpg,Authentic
Au_arc_00042.jpg,Spliced
Au_arc_00043.jpg,Authentic
Au_arc_00044.jpg,Authentic
Au_arc_00045.jpg,Authentic
Au_arc_00046.jpg,Authentic
Au_arc_00047.jpg,Authentic
Au_arc_00048.jpg,Authentic
Au_arc_00049.jpg,Authentic
Au_arc_00050.jpg,Authentic
Au_arc_00051.jpg,Authentic
Au_arc_00052.jpg,Authentic
Au_arc_00053.jpg,Authentic
Au_arc_00054.jpg,Authentic
Au_arc_00055.jpg,Authentic
Au_arc_00056.jpg,Spliced
Au_arc_00057.jpg,Authentic
Au_arc_00058.jpg,Authentic
Au_arc_00059.jpg,Authentic
Au_arc_00060.jpg,Authentic
Au_arc_00061.jpg,Authentic
Au_arc_00062.jpg,Authentic
Au_arc_00063.jpg,Authentic
Au_arc_00064.jpg,Authentic
Au_arc_00065.jpg,Authentic
Au_arc_00066.jpg,Authentic
Au_arc_00067.jpg,Authentic
Au_arc_00068.jpg,Authentic
Au_arc_00069.jpg,Authentic
Au_arc_00070.jpg,Authentic
Au_arc_00071.jpg,Authentic
Au_arc_00072.jpg,Authentic
Au_arc_00073.jpg,Authentic
Au_arc_00074.jpg,Authentic
Au_arc_00075.jpg,Authentic
Au_arc_00076.jpg,Authentic
Au_arc_00077.jpg,Authentic
Au_arc_00078.jpg,Authentic
Au_arc_00079.jpg,Spliced
Au_arc_00080.jpg,Authentic
Au_arc_00081.jpg,Authentic
Au_arc_00082.jpg,Spliced
Au_arc_00083.jpg,Authentic
Au_arc_00084.jpg,Authentic
Au_arc_00085.jpg,Authentic
Au_arc_00086.jpg,Authentic
Au_arc_00087.jpg,Authentic
Au_arc_00088.jpg,Spliced
Au_arc_00089.jpg,Authentic
Au_arc_00090.jpg,Authentic
Au_arc_00091.jpg,Authentic
Au_arc_00092.jpg,Authentic
Au_arc_00093.jpg,Authentic
Au_arc_00094.jpg,Authentic
Au_arc_00095.jpg,Authentic
Au_arc_00096.jpg,Authentic
Au_arc_00097.jpg,Authentic
Au_arc_00098.jpg,Authentic
Au_arc_00099.jpg,Authentic
Au_arc_00100.jpg,Authentic
Au_arc_10001.jpg,Authentic
Au_arc_10101.jpg,Authentic
Au_arc_10102.jpg,Authentic
Au_arc_10103.jpg,Authentic
Au_arc_10104.jpg,Authentic
Au_arc_10105.jpg,Authentic
Au_arc_10106.jpg,Authentic
Au_arc_10107.jpg,Authentic
Au_arc_10108.jpg,Authentic
Au_arc_10109.jpg,Authentic
Au_arc_10110.jpg,Authentic
Au_arc_10111.jpg,Authentic
Au_arc_10112.jpg,Authentic
Au_arc_10113.jpg,Authentic
Au_arc_10114.jpg,Authentic
Au_arc_10115.jpg,Authentic
Au_arc_10116.jpg,Authentic
Au_arc_10117.jpg,Authentic
Au_arc_10118.jpg,Authentic
Au_arc_10119.jpg,Authentic
Au_arc_20001.jpg,Authentic
Au_arc_20002.jpg,Authentic
Au_arc_20003.jpg,Authentic
Au_arc_20004.jpg,Authentic
Au_arc_20005.jpg,Authentic
Au_arc_20006.jpg,Authentic
Au_arc_20007.jpg,Authentic
Au_arc_20008.jpg,Authentic
Au_arc_20009.jpg,Authentic
Au_arc_20010.jpg,Authentic
Au_arc_20011.jpg,Authentic
Au_arc_20012.jpg,Authentic
Au_arc_20013.jpg,Authentic
Au_arc_20014.jpg,Authentic
Au_arc_20015.jpg,Authentic
Au_arc_20016.jpg,Authentic
Au_arc_20017.jpg,Authentic
Au_arc_20018.jpg,Authentic
Au_arc_20019.jpg,Authentic
Au_arc_20020.jpg,Authentic
Au_arc_20021.jpg,Authentic
Au_arc_20022.jpg,Authentic
Au_arc_20023.jpg,Authentic
Au_arc_20024.jpg,Authentic
Au_arc_20025.jpg,Authentic
Au_arc_20026.jpg,Authentic
Au_arc_20027.jpg,Authentic
Au_arc_20028.jpg,Authentic
Au_arc_20029.jpg,Authentic
Au_arc_20030.jpg,Authentic
Au_arc_20031.jpg,Authentic
Au_arc_20032.jpg,Authentic
Au_arc_20033.jpg,Authentic
Au_arc_20034.jpg,Authentic
Au_arc_20035.jpg,Authentic
Au_arc_20036.jpg,Authentic
Au_arc_20037.jpg,Authentic
Au_arc_20038.jpg,Authentic
Au_arc_20039.jpg,Authentic
Au_arc_20040.jpg,Authentic
Au_arc_20041.jpg,Authentic
Au_arc_20042.jpg,Authentic
Au_arc_20043.jpg,Authentic
Au_arc_20044.jpg,Authentic
Au_arc_20045.jpg,Authentic
Au_arc_20046.jpg,Authentic
Au_arc_20047.jpg,Authentic
Au_arc_20048.jpg,Authentic
Au_arc_20049.jpg,Authentic
Au_arc_20050.jpg,Authentic
Au_arc_20051.jpg,Authentic
Au_arc_20052.jpg,Authentic
Au_arc_20053.jpg,Authentic
Au_arc_20054.jpg,Authentic
Au_arc_20055.jpg,Authentic
Au_arc_20056.jpg,Authentic
Au_arc_20057.jpg,Authentic
Au_arc_20058.jpg,Authentic
Au_arc_20059.jpg,Authentic
Au_arc_20060.jpg,Authentic
Au_arc_20061.jpg,Authentic
Au_arc_20062.jpg,Authentic
Au_arc_20063.jpg,Authentic
Au_arc_20064.jpg,Authentic
Au_arc_20065.jpg,Authentic
Au_arc_20066.jpg,Authentic
Au_arc_20067.jpg,Authentic
Au_arc_20068.jpg,Authentic
Au_arc_20069.jpg,Authentic
Au_arc_20070.jpg,Authentic
Au_arc_20071.jpg,Authentic
Au_arc_20072.jpg,Authentic
Au_arc_20073.jpg,Authentic
Au_arc_20074.jpg,Authentic
Au_arc_20075.jpg,Authentic
Au_arc_20076.jpg,Authentic
Au_arc_20077.jpg,Authentic
Au_arc_20078.jpg,Authentic
Au_arc_20079.jpg,Authentic
Au_arc_20080.jpg,Authentic
Au_arc_20081.jpg,Authentic
Au_arc_20082.jpg,Authentic
Au_arc_20083.jpg,Authentic
Au_arc_20084.jpg,Authentic
Au_arc_20085.jpg,Authentic
Au_arc_20086.jpg,Authentic
Au_arc_20087.jpg,Authentic
Au_arc_20088.jpg,Authentic
Au_arc_20089.jpg,Authentic
Au_arc_20091.jpg,Authentic
Au_arc_20092.jpg,Authentic
Au_arc_20093.jpg,Authentic
Au_arc_20094.jpg,Authentic
Au_arc_20095.jpg,Authentic
Au_arc_20096.jpg,Authentic
Au_arc_20097.jpg,Authentic
Au_arc_20098.jpg,Authentic
Au_arc_20099.jpg,Authentic
Au_arc_20100.jpg,Authentic
Au_arc_20101.jpg,Authentic
Au_arc_30001.jpg,Authentic
Au_arc_30002.jpg,Authentic
Au_arc_30003.jpg,Authentic
Au_arc_30004.jpg,Authentic
Au_arc_30005.jpg,Authentic
Au_arc_30006.jpg,Authentic
Au_arc_30007.jpg,Authentic
Au_arc_30008.jpg,Authentic
Au_arc_30009.jpg,Authentic
Au_arc_30010.jpg,Authentic
Au_arc_30011.jpg,Authentic
Au_arc_30012.jpg,Authentic
Au_arc_30013.jpg,Authentic
Au_arc_30014.jpg,Authentic
Au_arc_30015.jpg,Authentic
Au_arc_30016.jpg,Authentic
Au_arc_30017.jpg,Authentic
Au_arc_30018.jpg,Authentic
Au_arc_30019.jpg,Authentic
Au_arc_30020.jpg,Authentic
Au_arc_30021.jpg,Authentic
Au_arc_30022.jpg,Authentic
Au_arc_30023.jpg,Authentic
Au_arc_30024.jpg,Authentic
Au_arc_30025.jpg,Authentic
Au_arc_30026.jpg,Authentic
Au_arc_30027.jpg,Authentic
Au_arc_30028.jpg,Authentic
Au_arc_30029.jpg,Authentic
Au_arc_30030.jpg,Authentic
Au_arc_30031.jpg,Authentic
Au_arc_30032.jpg,Spliced
Au_arc_30034.jpg,Authentic
Au_arc_30035.jpg,Authentic
Au_arc_30036.jpg,Authentic
Au_arc_30037.jpg,Authentic
Au_arc_30038.jpg,Authentic
Au_arc_30039.jpg,Authentic
Au_arc_30040.jpg,Authentic
Au_arc_30041.jpg,Authentic
Au_arc_30042.jpg,Authentic
Au_arc_30043.jpg,Authentic
Au_arc_30044.jpg,Authentic
Au_arc_30045.jpg,Authentic
Au_arc_30046.jpg,Authentic
Au_arc_30047.jpg,Authentic
Au_arc_30048.jpg,Authentic
Au_arc_30049.jpg,Authentic
Au_arc_30050.jpg,Authentic
Au_arc_30051.jpg,Authentic
Au_arc_30052.jpg,Authentic
Au_arc_30053.jpg,Authentic
Au_arc_30054.jpg,Authentic
Au_arc_30055.jpg,Authentic
Au_arc_30056.jpg,Authentic
Au_arc_30057.jpg,Authentic
Au_arc_30058.jpg,Authentic
Au_arc_30059.jpg,Authentic
Au_arc_30060.jpg,Authentic
Au_arc_30061.jpg,Authentic
Au_arc_30062.jpg,Authentic
Au_arc_30063.jpg,Authentic
Au_arc_30064.jpg,Authentic
Au_arc_30066.jpg,Authentic
Au_arc_30067.jpg,Authentic
Au_arc_30068.jpg,Authentic
Au_arc_30069.jpg,Authentic
Au_arc_30070.jpg,Authentic
Au_arc_30071.jpg,Authentic
Au_arc_30072.jpg,Authentic
Au_arc_30073.jpg,Authentic
Au_arc_30074.jpg,Authentic
Au_arc_30075.jpg,Authentic
Au_arc_30076.jpg,Authentic
Au_arc_30077.jpg,Authentic
Au_arc_30078.jpg,Authentic
Au_arc_30079.jpg,Authentic
Au_arc_30080.jpg,Authentic
Au_arc_30081.jpg,Authentic
Au_arc_30082.jpg,Authentic
Au_arc_30083.jpg,Authentic
Au_arc_30084.jpg,Authentic
Au_arc_30085.jpg,Authentic
Au_arc_30086.jpg,Authentic
Au_arc_30087.jpg,Authentic
Au_arc_30088.jpg,Authentic
Au_arc_30089.jpg,Authentic
Au_arc_30090.jpg,Authentic
Au_arc_30091.jpg,Authentic
Au_arc_30092.jpg,Authentic
Au_arc_30093.jpg,Authentic
Au_arc_30094.jpg,Authentic
Au_arc_30096.jpg,Authentic
Au_arc_30097.jpg,Authentic
Au_arc_30098.jpg,Authentic
Au_arc_30099.jpg,Authentic
Au_arc_30100.jpg,Authentic
Au_arc_30101.jpg,Authentic
Au_arc_30102.jpg,Authentic
Au_arc_30103.jpg,Authentic
Au_arc_30104.jpg,Authentic
Au_arc_30105.jpg,Authentic
Au_arc_30106.jpg,Authentic
Au_arc_30107.jpg,Authentic
Au_arc_30108.jpg,Authentic
Au_arc_30109.jpg,Authentic
Au_arc_30110.jpg,Authentic
Au_arc_30111.jpg,Authentic
Au_arc_30112.jpg,Authentic
Au_arc_30113.jpg,Authentic
Au_arc_30114.jpg,Authentic
Au_arc_30115.jpg,Authentic
Au_arc_30116.jpg,Authentic
Au_arc_30117.jpg,Authentic
Au_arc_30118.jpg,Authentic
Au_arc_30119.jpg,Authentic
Au_arc_30120.jpg,Authentic
Au_arc_30121.jpg,Authentic
Au_arc_30122.jpg,Authentic
Au_arc_30123.jpg,Authentic
Au_arc_30124.jpg,Authentic
Au_arc_30125.jpg,Spliced
Au_arc_30126.jpg,Authentic
Au_arc_30127.jpg,Authentic
Au_arc_30128.jpg,Authentic
Au_arc_30129.jpg,Authentic
Au_arc_30130.jpg,Spliced
Au_arc_30131.jpg,Authentic
Au_arc_30132.jpg,Authentic
Au_arc_30133.jpg,Authentic
Au_arc_30134.jpg,Authentic
Au_arc_30135.jpg,Authentic
Au_arc_30136.jpg,Authentic
Au_arc_30137.jpg,Authentic
Au_arc_30138.jpg,Authentic
Au_arc_30139.jpg,Authentic
Au_arc_30140.jpg,Authentic
Au_arc_30141.jpg,Authentic
Au_arc_30142.jpg,Authentic
Au_arc_30143.jpg,Authentic
Au_arc_30144.jpg,Authentic
Au_arc_30145.jpg,Authentic
Au_arc_30146.jpg,Authentic
Au_arc_30147.jpg,Authentic
Au_arc_30148.jpg,Authentic
Au_arc_30149.jpg,Authentic
Au_arc_30150.jpg,Authentic
Au_arc_30151.jpg,Authentic
Au_arc_30152.jpg,Authentic
Au_arc_30153.jpg,Authentic
Au_arc_30154.jpg,Authentic
Au_arc_30155.jpg,Authentic
Au_arc_30156.jpg,Authentic
Au_arc_30157.jpg,Authentic
Au_arc_30158.jpg,Authentic
Au_arc_30159.jpg,Authentic
Au_arc_30160.jpg,Authentic
Au_arc_30161.jpg,Authentic
Au_arc_30162.jpg,Authentic
Au_arc_30163.jpg,Authentic
Au_arc_30164.jpg,Authentic
Au_arc_30165.jpg,Authentic
Au_arc_30166.jpg,Authentic
Au_arc_30167.jpg,Authentic
Au_arc_30168.jpg,Authentic
Au_arc_30169.jpg,Authentic
Au_arc_30170.jpg,Authentic
Au_arc_30171.jpg,Authentic
Au_arc_30172.jpg,Authentic
Au_arc_30173.jpg,Authentic
Au_arc_30174.jpg,Authentic
Au_arc_30175.jpg,Authentic
Au_arc_30176.jpg,Authentic
Au_arc_30177.jpg,Authentic
Au_arc_30179.jpg,Authentic
Au_arc_30180.jpg,Authentic
Au_arc_30181.jpg,Authentic
Au_arc_30182.jpg,Authentic
Au_arc_30183.jpg,Authentic
Au_arc_30184.jpg,Authentic
Au_arc_30185.jpg,Authentic
Au_arc_30186.jpg,Authentic
Au_arc_30187.jpg,Authentic
Au_arc_30188.jpg,Authentic
Au_arc_30189.jpg,Authentic
Au_arc_30190.jpg,Authentic
Au_arc_30191.jpg,Authentic
Au_arc_30192.jpg,Authentic
Au_arc_30193.jpg,Authentic
Au_arc_30194.jpg,Authentic
Au_arc_30195.jpg,Authentic
Au_arc_30196.jpg,Authentic
Au_arc_30197.jpg,Authentic
Au_arc_30198.jpg,Authentic
Au_arc_30199.jpg,Authentic
Au_arc_30200.jpg,Authentic
Au_arc_30201.jpg,Authentic
Au_arc_30202.jpg,Authentic
Au_arc_30203.jpg,Authentic
Au_arc_30204.jpg,Authentic
Au_arc_30205.jpg,Authentic
Au_arc_30206.jpg,Authentic
Au_arc_30207.jpg,Authentic
Au_arc_30208.jpg,Authentic
Au_arc_30209.jpg,Authentic
Au_arc_30210.jpg,Authentic
Au_arc_30211.jpg,Authentic
Au_arc_30212.jpg,Authentic
Au_arc_30213.jpg,Authentic
Au_arc_30214.jpg,Authentic
Au_arc_30215.jpg,Authentic
Au_arc_30216.jpg,Authentic
Au_arc_30217.jpg,Authentic
Au_arc_30218.jpg,Authentic
Au_arc_30219.jpg,Authentic
Au_arc_30220.jpg,Authentic
Au_arc_30221.jpg,Authentic
Au_arc_30222.jpg,Authentic
Au_arc_30223.jpg,Authentic
Au_arc_30224.jpg,Authentic
Au_arc_30225.jpg,Spliced
Au_arc_30226.jpg,Authentic
Au_arc_30227.jpg,Authentic
Au_arc_30228.jpg,Authentic
Au_arc_30229.jpg,Authentic
Au_arc_30230.jpg,Authentic
Au_arc_30231.jpg,Authentic
Au_arc_30232.jpg,Authentic
Au_arc_30233.jpg,Authentic
Au_arc_30234.jpg,Authentic
Au_arc_30235.jpg,Spliced
Au_arc_30236.jpg,Authentic
Au_arc_30237.jpg,Authentic
Au_arc_30238.jpg,Authentic
Au_arc_30239.jpg,Authentic
Au_arc_30240.jpg,Authentic
Au_arc_30241.jpg,Authentic
Au_arc_30242.jpg,Authentic
Au_arc_30243.jpg,Authentic
Au_arc_30244.jpg,Spliced
Au_arc_30245.jpg,Authentic
Au_arc_30246.jpg,Authentic
Au_arc_30247.jpg,Authentic
Au_arc_30248.jpg,Authentic
Au_arc_30249.jpg,Authentic
Au_arc_30250.jpg,Authentic
Au_arc_30251.jpg,Authentic
Au_arc_30252.jpg,Authentic
Au_arc_30253.jpg,Authentic
Au_arc_30254.jpg,Authentic
Au_arc_30255.jpg,Authentic
Au_arc_30256.jpg,Authentic
Au_arc_30257.jpg,Authentic
Au_arc_30258.jpg,Authentic
Au_arc_30259.jpg,Authentic
Au_arc_30260.jpg,Authentic
Au_arc_30261.jpg,Authentic
Au_arc_30262.jpg,Authentic
Au_arc_30263.jpg,Authentic
Au_arc_30264.jpg,Authentic
Au_arc_30265.jpg,Authentic
Au_arc_30266.jpg,Authentic
Au_arc_30267.jpg,Authentic
Au_arc_30268.jpg,Authentic
Au_arc_30269.jpg,Authentic
Au_arc_30270.jpg,Authentic
Au_arc_30271.jpg,Authentic
Au_arc_30272.jpg,Authentic
Au_arc_30273.jpg,Authentic
Au_arc_30274.jpg,Authentic
Au_arc_30275.jpg,Authentic
Au_arc_30276.jpg,Authentic
Au_arc_30277.jpg,Authentic
Au_arc_30278.jpg,Authentic
Au_arc_30279.jpg,Authentic
Au_arc_30280.jpg,Authentic
Au_arc_30281.jpg,Authentic
Au_arc_30282.jpg,Authentic
Au_arc_30283.jpg,Authentic
Au_arc_30284.jpg,Authentic
Au_arc_30285.jpg,Authentic
Au_arc_30286.jpg,Authentic
Au_arc_30287.jpg,Authentic
Au_arc_30288.jpg,Authentic
Au_arc_30289.jpg,Authentic
Au_arc_30290.jpg,Authentic
Au_arc_30291.jpg,Authentic
Au_arc_30292.jpg,Authentic
Au_arc_30293.jpg,Authentic
Au_arc_30294.jpg,Authentic
Au_arc_30295.jpg,Authentic
Au_arc_30296.jpg,Authentic
Au_arc_30297.jpg,Spliced
Au_arc_30298.jpg,Authentic
Au_arc_30299.jpg,Authentic
Au_arc_30300.jpg,Authentic
Au_arc_30301.jpg,Authentic
Au_arc_30302.jpg,Authentic
Au_arc_30303.jpg,Authentic
Au_arc_30304.jpg,Authentic
Au_arc_30305.jpg,Authentic
Au_arc_30306.jpg,Authentic
Au_arc_30307.jpg,Authentic
Au_arc_30308.jpg,Authentic
Au_arc_30309.jpg,Authentic
Au_arc_30310.jpg,Authentic
Au_arc_30311.jpg,Authentic
Au_arc_30312.jpg,Authentic
Au_arc_30313.jpg,Authentic
Au_arc_30314.jpg,Authentic
Au_arc_30315.jpg,Authentic
Au_arc_30316.jpg,Authentic
Au_arc_30317.jpg,Authentic
Au_arc_30318.jpg,Authentic
Au_arc_30319.jpg,Spliced
Au_arc_30320.jpg,Authentic
Au_arc_30321.jpg,Authentic
Au_arc_30322.jpg,Authentic
Au_arc_30323.jpg,Authentic
Au_arc_30324.jpg,Authentic
Au_arc_30325.jpg,Authentic
Au_arc_30326.jpg,Authentic
Au_arc_30327.jpg,Authentic
Au_arc_30328.jpg,Authentic
Au_arc_30329.jpg,Authentic
Au_arc_30330.jpg,Authentic
Au_arc_30331.jpg,Authentic
Au_arc_30332.jpg,Authentic
Au_arc_30333.jpg,Authentic
Au_arc_30334.jpg,Authentic
Au_arc_30335.jpg,Authentic
Au_arc_30336.jpg,Authentic
Au_arc_30337.jpg,Authentic
Au_arc_30338.jpg,Authentic
Au_arc_30339.jpg,Authentic
Au_arc_30340.jpg,Authentic
Au_arc_30341.jpg,Authentic
Au_arc_30342.jpg,Authentic
Au_arc_30343.jpg,Authentic
Au_arc_30344.jpg,Authentic
Au_arc_30345.jpg,Authentic
Au_arc_30346.jpg,Authentic
Au_arc_30347.jpg,Authentic
Au_arc_30348.jpg,Authentic
Au_arc_30349.jpg,Authentic
Au_arc_30350.jpg,Authentic
Au_arc_30351.jpg,Authentic
Au_arc_30352.jpg,Authentic
Au_arc_30353.jpg,Authentic
Au_arc_30354.jpg,Authentic
Au_arc_30355.jpg,Spliced
Au_arc_30356.jpg,Authentic
Au_arc_30357.jpg,Authentic
Au_arc_30358.jpg,Authentic
Au_arc_30359.jpg,Authentic
Au_arc_30360.jpg,Authentic
Au_arc_30361.jpg,Authentic
Au_arc_30362.jpg,Authentic
Au_arc_30363.jpg,Authentic
Au_arc_30364.jpg,Authentic
Au_arc_30365.jpg,Authentic
Au_arc_30366.jpg,Authentic
Au_arc_30367.jpg,Authentic
Au_arc_30368.jpg,Authentic
Au_arc_30369.jpg,Authentic
Au_arc_30370.jpg,Authentic
Au_arc_30371.jpg,Authentic
Au_arc_30372.jpg,Authentic
Au_arc_30373.jpg,Authentic
Au_arc_30374.jpg,Authentic
Au_arc_30375.jpg,Authentic
Au_arc_30376.jpg,Authentic
Au_arc_30377.jpg,Authentic
Au_arc_30378.jpg,Authentic
Au_arc_30379.jpg,Authentic
Au_arc_30380.jpg,Authentic
Au_arc_30381.jpg,Authentic
Au_arc_30382.jpg,Authentic
Au_arc_30383.jpg,Authentic
Au_arc_30384.jpg,Authentic
Au_arc_30385.jpg,Authentic
Au_arc_30386.jpg,Authentic
Au_arc_30387.jpg,Authentic
Au_arc_30388.jpg,Authentic
Au_arc_30389.jpg,Authentic
Au_arc_30390.jpg,Authentic
Au_arc_30391.jpg,Authentic
Au_arc_30392.jpg,Authentic
Au_arc_30393.jpg,Spliced
Au_arc_30395.jpg,Authentic
Au_arc_30396.jpg,Authentic
Au_arc_30397.jpg,Authentic
Au_arc_30398.jpg,Authentic
Au_arc_30399.jpg,Authentic
Au_arc_30400.jpg,Authentic
Au_arc_30401.jpg,Authentic
Au_arc_30402.jpg,Authentic
Au_arc_30403.jpg,Authentic
Au_arc_30404.jpg,Authentic
Au_arc_30405.jpg,Authentic
Au_arc_30406.jpg,Authentic
Au_arc_30407.jpg,Authentic
Au_arc_30408.jpg,Authentic
Au_arc_30409.jpg,Authentic
Au_arc_30410.jpg,Authentic
Au_arc_30411.jpg,Authentic
Au_arc_30412.jpg,Authentic
Au_arc_30413.jpg,Authentic
Au_arc_30414.jpg,Authentic
Au_arc_30415.jpg,Authentic
Au_arc_30416.jpg,Authentic
Au_arc_30417.jpg,Authentic
Au_arc_30418.jpg,Authentic
Au_arc_30419.jpg,Authentic
Au_arc_30420.jpg,Authentic
Au_arc_30421.jpg,Authentic
Au_arc_30422.jpg,Authentic
Au_arc_30423.jpg,Authentic
Au_arc_30424.jpg,Authentic
Au_arc_30425.jpg,Authentic
Au_arc_30426.jpg,Authentic
Au_arc_30427.jpg,Authentic
Au_arc_30428.jpg,Authentic
Au_arc_30429.jpg,Authentic
Au_arc_30430.jpg,Authentic
Au_arc_30431.jpg,Authentic
Au_arc_30432.jpg,Authentic
Au_arc_30433.jpg,Authentic
Au_arc_30434.jpg,Authentic
Au_arc_30435.jpg,Authentic
Au_arc_30436.jpg,Authentic
Au_arc_30437.jpg,Authentic
Au_arc_30438.jpg,Authentic
Au_arc_30439.jpg,Authentic
Au_arc_30440.jpg,Authentic
Au_arc_30441.jpg,Authentic
Au_arc_30442.jpg,Authentic
Au_arc_30443.jpg,Authentic
Au_arc_30444.jpg,Authentic
Au_arc_30446.jpg,Authentic
Au_arc_30447.jpg,Authentic
Au_arc_30448.jpg,Authentic
Au_arc_30449.jpg,Authentic
Au_arc_30451.jpg,Authentic
Au_arc_30452.jpg,Authentic
Au_arc_30453.jpg,Authentic
Au_arc_30454.jpg,Authentic
Au_arc_30455.jpg,Authentic
Au_arc_30456.jpg,Authentic
Au_arc_30457.jpg,Authentic
Au_arc_30458.jpg,Authentic
Au_arc_30459.jpg,Authentic
Au_arc_30460.jpg,Authentic
Au_arc_30461.jpg,Authentic
Au_arc_30462.jpg,Authentic
Au_arc_30463.jpg,Authentic
Au_arc_30464.jpg,Authentic
Au_arc_30465.jpg,Authentic
Au_arc_30466.jpg,Authentic
Au_arc_30467.jpg,Authentic
Au_arc_30468.jpg,Authentic
Au_arc_30469.jpg,Authentic
Au_arc_30470.jpg,Authentic
Au_arc_30471.jpg,Authentic
Au_arc_30472.jpg,Authentic
Au_arc_30473.jpg,Authentic
Au_arc_30474.jpg,Authentic
Au_arc_30475.jpg,Authentic
Au_arc_30476.jpg,Authentic
Au_arc_30477.jpg,Authentic
Au_arc_30478.jpg,Authentic
Au_arc_30479.jpg,Authentic
Au_arc_30480.jpg,Authentic
Au_arc_30481.jpg,Authentic
Au_arc_30482.jpg,Authentic
Au_arc_30483.jpg,Authentic
Au_arc_30484.jpg,Authentic
Au_arc_30485.jpg,Authentic
Au_arc_30486.jpg,Authentic
Au_arc_30487.jpg,Authentic
Au_arc_30488.jpg,Authentic
Au_arc_30489.jpg,Authentic
Au_arc_30490.jpg,Authentic
Au_arc_30491.jpg,Authentic
Au_arc_30492.jpg,Authentic
Au_arc_30493.jpg,Authentic
Au_arc_30494.jpg,Authentic
Au_arc_30495.jpg,Authentic
Au_arc_30496.jpg,Authentic
Au_arc_30497.jpg,Authentic
Au_arc_30498.jpg,Authentic
Au_arc_30499.jpg,Authentic
Au_arc_30500.jpg,Authentic
Au_arc_30502.jpg,Authentic
Au_arc_30503.jpg,Authentic
Au_arc_30504.jpg,Authentic
Au_arc_30505.jpg,Authentic
Au_arc_30506.jpg,Authentic
Au_arc_30507.jpg,Authentic
Au_arc_30508.jpg,Authentic
Au_arc_30509.jpg,Authentic
Au_arc_30510.jpg,Authentic
Au_arc_30511.jpg,Authentic
Au_arc_30512.jpg,Authentic
Au_arc_30513.jpg,Authentic
Au_arc_30514.jpg,Authentic
Au_arc_30515.jpg,Authentic
Au_arc_30516.jpg,Authentic
Au_arc_30517.jpg,Authentic
Au_arc_30518.jpg,Authentic
Au_arc_30519.jpg,Authentic
Au_arc_30520.jpg,Authentic
Au_arc_30521.jpg,Authentic
Au_arc_30522.jpg,Authentic
Au_arc_30523.jpg,Authentic
Au_arc_30524.jpg,Authentic
Au_arc_30525.jpg,Authentic
Au_arc_30526.jpg,Authentic
Au_arc_30527.jpg,Authentic
Au_arc_30528.jpg,Authentic
Au_arc_30529.jpg,Authentic
Au_arc_30530.jpg,Authentic
Au_arc_30531.jpg,Authentic
Au_arc_30532.jpg,Authentic
Au_arc_30533.jpg,Authentic
Au_arc_30534.jpg,Authentic
Au_arc_30535.jpg,Authentic
Au_arc_30536.jpg,Authentic
Au_arc_30537.jpg,Authentic
Au_arc_30538.jpg,Authentic
Au_arc_30539.jpg,Authentic
Au_arc_30540.jpg,Authentic
Au_arc_30541.jpg,Authentic
Au_arc_30542.jpg,Authentic
Au_arc_30543.jpg,Authentic
Au_arc_30544.jpg,Authentic
Au_arc_30545.jpg,Authentic
Au_arc_30546.jpg,Authentic
Au_arc_30547.jpg,Authentic
Au_arc_30548.jpg,Authentic
Au_arc_30549.jpg,Authentic
Au_arc_30550.jpg,Authentic
Au_arc_30551.jpg,Authentic
Au_arc_30552.jpg,Authentic
Au_arc_30553.jpg,Authentic
Au_arc_30554.jpg,Authentic
Au_arc_30555.jpg,Authentic
Au_arc_30556.jpg,Authentic
Au_arc_30557.jpg,Authentic
Au_arc_30558.jpg,Authentic
Au_arc_30559.jpg,Authentic
Au_arc_30560.jpg,Authentic
Au_arc_30561.jpg,Authentic
Au_arc_30562.jpg,Authentic
Au_arc_30563.jpg,Authentic
Au_arc_30564.jpg,Authentic
Au_arc_30565.jpg,Authentic
Au_arc_30566.jpg,Authentic
Au_arc_30567.jpg,Authentic
Au_arc_30568.jpg,Authentic
Au_arc_30569.jpg,Authentic
Au_arc_30570.jpg,Authentic
Au_arc_30571.jpg,Authentic
Au_arc_30572.jpg,Authentic
Au_arc_30573.jpg,Authentic
Au_arc_30574.jpg,Authentic
Au_arc_30575.jpg,Authentic
Au_arc_30576.jpg,Authentic
Au_arc_30577.jpg,Authentic
Au_arc_30578.jpg,Authentic
Au_arc_30579.jpg,Authentic
Au_arc_30580.jpg,Authentic
Au_arc_30581.jpg,Authentic
Au_arc_30582.jpg,Authentic
Au_arc_30583.jpg,Authentic
Au_arc_30584.jpg,Authentic
Au_arc_30585.jpg,Authentic
Au_arc_30586.jpg,Authentic
Au_arc_30587.jpg,Authentic
Au_arc_30588.jpg,Authentic
Au_arc_30589.jpg,Spliced
Au_arc_30590.jpg,Authentic
Au_arc_30591.jpg,Authentic
Au_arc_30592.jpg,Authentic
Au_arc_30593.jpg,Authentic
Au_arc_30594.jpg,Authentic
Au_arc_30595.jpg,Authentic
Au_arc_30596.jpg,Authentic
Au_arc_30597.jpg,Authentic
Au_arc_30598.jpg,Authentic
Au_arc_30599.jpg,Authentic
Au_arc_30600.jpg,Authentic
Au_arc_30601.jpg,Authentic
Au_arc_30602.jpg,Authentic
Au_arc_30603.jpg,Authentic
Au_arc_30604.jpg,Authentic
Au_arc_30605.jpg,Authentic
Au_arc_30606.jpg,Authentic
Au_arc_30607.jpg,Authentic
Au_arc_30608.jpg,Authentic
Au_arc_30609.jpg,Authentic
Au_arc_30610.jpg,Authentic
Au_arc_30611.jpg,Authentic
Au_arc_30612.jpg,Authentic
Au_arc_30613.jpg,Authentic
Au_arc_30614.jpg,Authentic
Au_arc_30615.jpg,Authentic
Au_arc_30616.jpg,Authentic
Au_arc_30617.jpg,Authentic
Au_arc_30618.jpg,Authentic
Au_arc_30619.jpg,Authentic
Au_arc_30620.jpg,Authentic
Au_arc_30621.jpg,Authentic
Au_arc_30623.jpg,Authentic
Au_arc_30624.jpg,Authentic
Au_arc_30625.jpg,Authentic
Au_arc_30626.jpg,Authentic
Au_arc_30627.jpg,Authentic
Au_arc_30628.jpg,Authentic
Au_arc_30629.jpg,Authentic
Au_arc_30630.jpg,Authentic
Au_arc_30631.jpg,Authentic
Au_arc_30632.jpg,Authentic
Au_arc_30633.jpg,Authentic
Au_arc_30634.jpg,Authentic
Au_arc_30635.jpg,Authentic
Au_arc_30636.jpg,Authentic
Au_arc_30637.jpg,Authentic
Au_arc_30638.jpg,Authentic
Au_arc_30639.jpg,Authentic
Au_arc_30640.jpg,Authentic
Au_arc_30641.jpg,Authentic
Au_arc_30642.jpg,Authentic
Au_arc_30643.jpg,Authentic
Au_arc_30644.jpg,Authentic
Au_arc_30645.jpg,Authentic
Au_arc_30646.jpg,Authentic
Au_arc_30647.jpg,Authentic
Au_arc_30648.jpg,Authentic
Au_arc_30649.jpg,Authentic
Au_arc_30650.jpg,Authentic
Au_arc_30651.jpg,Authentic
Au_arc_30652.jpg,Authentic
Au_arc_30653.jpg,Authentic
Au_arc_30654.jpg,Authentic
Au_arc_30655.jpg,Authentic
Au_arc_30657.jpg,Authentic
Au_arc_30658.jpg,Authentic
Au_arc_30659.jpg,Authentic
Au_arc_30660.jpg,Authentic
Au_arc_30661.jpg,Authentic
Au_arc_30662.jpg,Authentic
Au_arc_30663.jpg,Authentic
Au_arc_30664.jpg,Authentic
Au_arc_30665.jpg,Authentic
Au_arc_30666.jpg,Authentic
Au_arc_30667.jpg,Authentic
Au_arc_30668.jpg,Authentic
Au_arc_30669.jpg,Authentic
Au_arc_30670.jpg,Authentic
Au_arc_30671.jpg,Authentic
Au_arc_30672.jpg,Authentic
Au_arc_30673.jpg,Authentic
Au_arc_30674.jpg,Authentic
Au_arc_30675.jpg,Authentic
Au_arc_30676.jpg,Authentic
Au_arc_30677.jpg,Authentic
Au_arc_30678.jpg,Authentic
Au_arc_30679.jpg,Authentic
Au_arc_30680.jpg,Authentic
Au_arc_30681.jpg,Authentic
Au_arc_30682.jpg,Authentic
Au_arc_30683.jpg,Authentic
Au_arc_30684.jpg,Authentic
Au_arc_30685.jpg,Authentic
Au_arc_30686.jpg,Spliced
Au_arc_30687.jpg,Authentic
Au_arc_30688.jpg,Authentic
Au_arc_30689.jpg,Authentic
Au_arc_30690.jpg,Authentic
Au_arc_30691.jpg,Authentic
Au_arc_30692.jpg,Authentic
Au_arc_30693.jpg,Authentic
Au_arc_30694.jpg,Authentic
Au_arc_30695.jpg,Authentic
Au_arc_30696.jpg,Authentic
Au_arc_30697.jpg,Authentic
Au_arc_30698.jpg,Authentic
Au_arc_30699.jpg,Authentic
Au_arc_30700.jpg,Authentic
Au_arc_30701.jpg,Authentic
Au_arc_30702.jpg,Authentic
Au_arc_30703.jpg,Authentic
Au_arc_30704.jpg,Authentic
Au_arc_30705.jpg,Authentic
Au_arc_30706.jpg,Authentic
Au_arc_30707.jpg,Authentic
Au_arc_30708.jpg,Authentic
Au_arc_30709.jpg,Authentic
Au_arc_30710.jpg,Authentic
Au_arc_30711.jpg,Authentic
Au_arc_30712.jpg,Authentic
Au_arc_30713.jpg,Authentic
Au_arc_30714.jpg,Authentic
Au_arc_30715.jpg,Authentic
Au_arc_30716.jpg,Authentic
Au_arc_30717.jpg,Authentic
Au_arc_30718.jpg,Authentic
Au_arc_30719.jpg,Authentic
Au_arc_30720.jpg,Authentic
Au_arc_30721.jpg,Authentic
Au_arc_30722.jpg,Authentic
Au_arc_30723.jpg,Authentic
Au_arc_30724.jpg,Authentic
Au_arc_30725.jpg,Authentic
Au_arc_30726.jpg,Authentic
Au_arc_30727.jpg,Authentic
Au_arc_30728.jpg,Authentic
Au_arc_30729.jpg,Authentic
Au_arc_30730.jpg,Authentic
Au_arc_30731.jpg,Authentic
Au_arc_30732.jpg,Authentic
Au_arc_30733.jpg,Authentic
Au_arc_30734.jpg,Authentic
Au_arc_30735.jpg,Authentic
Au_arc_30736.jpg,Authentic
Au_arc_30737.jpg,Authentic
Au_arc_30738.jpg,Authentic
Au_arc_30739.jpg,Authentic
Au_arc_30740.jpg,Authentic
Au_arc_30741.jpg,Authentic
Au_arc_30742.jpg,Authentic
Au_arc_30743.jpg,Authentic
Au_arc_30744.jpg,Authentic
Au_arc_30745.jpg,Authentic
Au_arc_30746.jpg,Authentic
Au_arc_30747.jpg,Authentic
Au_arc_30748.jpg,Authentic
Au_arc_30749.jpg,Authentic
Au_arc_30750.jpg,Authentic
Au_arc_30751.jpg,Authentic
Au_arc_30752.jpg,Spliced
Au_arc_30753.jpg,Authentic
Au_arc_30754.jpg,Authentic
Au_arc_30755.jpg,Authentic
Au_arc_30756.jpg,Authentic
Au_arc_30757.jpg,Authentic
Au_arc_30758.jpg,Authentic
Au_arc_30759.jpg,Authentic
Au_arc_30760.jpg,Authentic
Au_arc_30761.jpg,Spliced
Au_arc_30762.jpg,Authentic
Au_arc_30763.jpg,Spliced
Au_arc_30764.jpg,Authentic
Au_arc_30765.jpg,Authentic
Au_arc_30766.jpg,Authentic
Au_arc_30767.jpg,Authentic
Au_arc_30768.jpg,Authentic
Au_arc_30769.jpg,Authentic
Au_arc_30770.jpg,Authentic
Au_arc_30771.jpg,Authentic
Au_arc_30772.jpg,Authentic
Au_arc_30773.jpg,Authentic
Au_arc_30774.jpg,Authentic
Au_arc_30775.jpg,Authentic
Au_arc_30776.jpg,Authentic
Au_arc_30777.jpg,Authentic
Au_arc_30778.jpg,Authentic
Au_arc_30779.jpg,Authentic
Au_arc_30780.jpg,Authentic
Au_arc_30781.jpg,Authentic
Au_arc_30782.jpg,Authentic
Au_arc_30783.jpg,Authentic
Au_arc_30784.jpg,Authentic
Au_arc_30785.jpg,Authentic
Au_arc_30786.jpg,Authentic
Au_arc_30787.jpg,Authentic
Au_arc_30788.jpg,Authentic
Au_arc_30789.jpg,Authentic
Au_arc_30790.jpg,Spliced
Au_arc_30791.jpg,Authentic
Au_arc_30792.jpg,Authentic
Au_arc_30793.jpg,Authentic
Au_arc_30794.jpg,Authentic
Au_arc_30795.jpg,Authentic
Au_arc_30796.jpg,Authentic
Au_arc_30797.jpg,Authentic
Au_arc_30798.jpg,Authentic
Au_arc_30799.jpg,Authentic
Au_arc_30800.jpg,Authentic
Au_arc_30801.jpg,Authentic
Au_arc_30802.jpg,Authentic
Au_arc_30803.jpg,Authentic
Au_arc_30804.jpg,Authentic
Au_arc_30805.jpg,Spliced
Au_arc_30806.jpg,Authentic
Au_arc_30807.jpg,Authentic
Au_arc_30808.jpg,Authentic
Au_arc_30809.jpg,Authentic
Au_arc_30810.jpg,Authentic
Au_arc_30811.jpg,Spliced
Au_arc_30812.jpg,Authentic
Au_arc_30813.jpg,Authentic
Au_arc_30814.jpg,Authentic
Au_arc_30815.jpg,Authentic
Au_arc_30817.jpg,Authentic
Au_arc_30818.jpg,Authentic
Au_arc_30819.jpg,Authentic
Au_arc_30820.jpg,Authentic
Au_arc_30821.jpg,Authentic
Au_arc_30822.jpg,Authentic
Au_arc_30823.jpg,Authentic
Au_arc_30824.jpg,Authentic
Au_arc_30825.jpg,Authentic
Au_arc_30826.jpg,Authentic
Au_arc_30827.jpg,Authentic
Au_arc_30828.jpg,Authentic
Au_arc_30829.jpg,Authentic
Au_arc_30830.jpg,Authentic
Au_arc_30831.jpg,Authentic
Au_arc_30832.jpg,Authentic
Au_arc_30833.jpg,Authentic
Au_arc_30834.jpg,Authentic
Au_arc_30836.jpg,Authentic
Au_arc_30837.jpg,Authentic
Au_arc_30838.jpg,Authentic
Au_arc_30839.jpg,Authentic
Au_arc_30840.jpg,Authentic
Au_arc_30841.jpg,Authentic
Au_arc_30842.jpg,Authentic
Au_arc_30843.jpg,Authentic
Au_cha_00001.jpg,Authentic
Au_cha_00002.jpg,Authentic
Au_cha_00003.jpg,Authentic
Au_cha_00004.jpg,Authentic
Au_cha_00005.jpg,Authentic
Au_cha_00006.jpg,Authentic
Au_cha_00007.jpg,Authentic
Au_cha_00008.jpg,Authentic
Au_cha_00009.jpg,Authentic
Au_cha_00010.jpg,Authentic
Au_cha_00011.jpg,Authentic
Au_cha_00012.jpg,Authentic
Au_cha_00013.jpg,Authentic
Au_cha_00014.jpg,Authentic
Au_cha_00015.jpg,Authentic
Au_cha_00016.jpg,Authentic
Au_cha_00017.jpg,Authentic
Au_cha_00018.jpg,Authentic
Au_cha_00019.jpg,Authentic
Au_cha_00020.jpg,Authentic
Au_cha_00021.jpg,Authentic
Au_cha_00022.jpg,Authentic
Au_cha_00023.jpg,Authentic
Au_cha_00024.jpg,Authentic
Au_cha_00025.jpg,Authentic
Au_cha_00026.jpg,Authentic
Au_cha_00027.jpg,Authentic
Au_cha_00028.jpg,Authentic
Au_cha_00029.jpg,Authentic
Au_cha_00030.jpg,Authentic
Au_cha_00031.jpg,Authentic
Au_cha_00032.jpg,Authentic
Au_cha_00033.jpg,Authentic
Au_cha_00034.jpg,Authentic
Au_cha_00035.jpg,Authentic
Au_cha_00036.jpg,Authentic
Au_cha_00037.jpg,Authentic
Au_cha_00038.jpg,Authentic
Au_cha_00039.jpg,Authentic
Au_cha_00040.jpg,Authentic
Au_cha_00041.jpg,Authentic
Au_cha_00042.jpg,Authentic
Au_cha_00043.jpg,Authentic
Au_cha_00044.jpg,Authentic
Au_cha_00045.jpg,Authentic
Au_cha_00046.jpg,Authentic
Au_cha_00047.jpg,Authentic
Au_cha_00048.jpg,Authentic
Au_cha_00049.jpg,Authentic
Au_cha_00050.jpg,Authentic
Au_cha_00051.jpg,Authentic
Au_cha_00052.jpg,Authentic
Au_cha_00053.jpg,Authentic
Au_cha_00054.jpg,Authentic
Au_cha_00055.jpg,Authentic
Au_cha_00056.jpg,Authentic
Au_cha_00057.jpg,Authentic
Au_cha_00058.jpg,Authentic
Au_cha_00059.jpg,Authentic
Au_cha_00060.jpg,Authentic
Au_cha_00061.jpg,Authentic
Au_cha_00062.jpg,Authentic
Au_cha_00063.jpg,Spliced
Au_cha_00064.jpg,Authentic
Au_cha_00065.jpg,Authentic
Au_cha_00066.jpg,Authentic
Au_cha_00067.jpg,Authentic
Au_cha_00068.jpg,Authentic
Au_cha_00069.jpg,Authentic
Au_cha_00070.jpg,Authentic
Au_cha_00071.jpg,Authentic
Au_cha_00073.jpg,Authentic
Au_cha_00074.jpg,Authentic
Au_cha_00075.jpg,Authentic
Au_cha_00076.jpg,Authentic
Au_cha_00077.jpg,Authentic
Au_cha_00078.jpg,Authentic
Au_cha_00079.jpg,Authentic
Au_cha_00080.jpg,Spliced
Au_cha_00081.jpg,Authentic
Au_cha_00082.jpg,Spliced
Au_cha_00083.jpg,Authentic
Au_cha_00084.jpg,Authentic
Au_cha_00085.jpg,Authentic
Au_cha_00086.jpg,Authentic
Au_cha_00087.jpg,Authentic
Au_cha_00088.jpg,Authentic
Au_cha_00089.jpg,Authentic
Au_cha_00090.jpg,Authentic
Au_cha_00091.jpg,Authentic
Au_cha_00092.jpg,Authentic
Au_cha_00093.jpg,Authentic
Au_cha_00094.jpg,Authentic
Au_cha_00095.jpg,Authentic
Au_cha_00096.jpg,Spliced
Au_cha_00097.jpg,Authentic
Au_cha_00098.jpg,Authentic
Au_cha_00099.jpg,Authentic
Au_cha_00100.jpg,Authentic
Au_cha_10001.jpg,Authentic
Au_cha_10002.jpg,Authentic
Au_cha_10101.jpg,Authentic
Au_cha_10102.jpg,Authentic
Au_cha_10103.jpg,Authentic
Au_cha_10104.jpg,Authentic
Au_cha_10105.jpg,Authentic
Au_cha_10106.jpg,Authentic
Au_cha_10107.jpg,Authentic
Au_cha_10108.jpg,Authentic
Au_cha_10109.jpg,Authentic
Au_cha_10110.jpg,Authentic
Au_cha_10111.jpg,Authentic
Au_cha_10112.jpg,Authentic
Au_cha_10113.jpg,Authentic
Au_cha_10114.jpg,Authentic
Au_cha_10115.jpg,Authentic
Au_cha_10116.jpg,Authentic
Au_cha_10117.jpg,Authentic
Au_cha_10118.jpg,Authentic
Au_cha_10119.jpg,Authentic
Au_cha_10120.jpg,Authentic
Au_cha_10121.jpg,Authentic
Au_cha_10122.jpg,Authentic
Au_cha_10123.jpg,Authentic
Au_cha_10124.jpg,Authentic
Au_cha_10125.jpg,Authentic
Au_cha_10126.jpg,Authentic
Au_cha_10127.jpg,Authentic
Au_cha_10128.jpg,Authentic
Au_cha_10129.jpg,Authentic
Au_cha_10130.jpg,Authentic
Au_cha_10131.jpg,Spliced
Au_cha_10132.jpg,Authentic
Au_cha_10134.jpg,Authentic
Au_cha_10135.jpg,Authentic
Au_cha_10136.jpg,Authentic
Au_cha_10137.jpg,Spliced
Au_cha_10138.jpg,Authentic
Au_cha_10139.jpg,Authentic
Au_cha_10140.jpg,Authentic
Au_cha_10141.jpg,Authentic
Au_cha_10142.jpg,Authentic
Au_cha_10143.jpg,Authentic
Au_cha_10144.jpg,Authentic
Au_cha_10145.jpg,Authentic
Au_cha_10146.jpg,Authentic
Au_cha_10147.jpg,Authentic
Au_cha_10148.jpg,Authentic
Au_cha_10149.jpg,Authentic
Au_cha_10150.jpg,Authentic
Au_cha_10151.jpg,Authentic
Au_cha_10152.jpg,Authentic
Au_cha_10153.jpg,Authentic
Au_cha_10154.jpg,Authentic
Au_cha_10155.jpg,Authentic
Au_cha_10156.jpg,Authentic
Au_cha_10157.jpg,Authentic
Au_cha_10158.jpg,Spliced
Au_cha_10159.jpg,Authentic
Au_cha_10160.jpg,Authentic
Au_cha_10161.jpg,Authentic
Au_cha_10162.jpg,Authentic
Au_cha_10163.jpg,Authentic
Au_cha_10164.jpg,Authentic
Au_cha_10165.jpg,Authentic
Au_cha_10166.jpg,Authentic
Au_cha_10167.jpg,Authentic
Au_cha_10168.jpg,Authentic
Au_cha_10169.jpg,Authentic
Au_cha_10170.jpg,Authentic
Au_cha_10172.jpg,Authentic
Au_cha_10173.jpg,Authentic
Au_cha_10174.jpg,Authentic
Au_cha_10175.jpg,Authentic
Au_cha_10176.jpg,Authentic
Au_cha_10177.jpg,Authentic
Au_cha_10178.jpg,Authentic
Au_cha_10179.jpg,Authentic
Au_cha_10180.jpg,Authentic
Au_cha_10181.jpg,Authentic
Au_cha_10182.jpg,Authentic
Au_cha_10183.jpg,Authentic
Au_cha_10184.jpg,Authentic
Au_cha_10185.jpg,Authentic
Au_cha_10186.jpg,Authentic
Au_cha_10187.jpg,Authentic
Au_cha_10188.jpg,Authentic
Au_cha_10189.jpg,Authentic
Au_cha_10190.jpg,Authentic
Au_cha_10191.jpg,Authentic
Au_cha_10192.jpg,Authentic
Au_cha_10193.jpg,Authentic
Au_cha_10194.jpg,Authentic
Au_cha_10195.jpg,Authentic
Au_cha_10196.jpg,Authentic
Au_cha_10197.jpg,Authentic
Au_cha_10198.jpg,Authentic
Au_cha_10199.jpg,Authentic
Au_cha_10200.jpg,Spliced
Au_cha_10201.jpg,Authentic
Au_cha_10203.jpg,Authentic
Au_cha_10204.jpg,Authentic
Au_cha_10205.jpg,Authentic
Au_cha_10206.jpg,Authentic
Au_cha_10207.jpg,Authentic
Au_cha_10208.jpg,Authentic
Au_cha_10209.jpg,Authentic
Au_cha_10210.jpg,Authentic
Au_cha_10211.jpg,Authentic
Au_cha_20001.jpg,Authentic
Au_cha_20002.jpg,Authentic
Au_cha_20003.jpg,Authentic
Au_cha_20004.jpg,Authentic
Au_cha_20005.jpg,Authentic
Au_cha_20006.jpg,Authentic
Au_cha_20007.jpg,Authentic
Au_cha_20008.jpg,Authentic
Au_cha_20009.jpg,Authentic
Au_cha_20010.jpg,Authentic
Au_cha_20011.jpg,Authentic
Au_cha_20012.jpg,Authentic
Au_cha_20013.jpg,Authentic
Au_cha_20014.jpg,Authentic
Au_cha_20015.jpg,Authentic
Au_cha_20016.jpg,Authentic
Au_cha_20017.jpg,Authentic
Au_cha_20018.jpg,Spliced
Au_cha_20019.jpg,Authentic
Au_cha_20020.jpg,Authentic
Au_cha_20021.jpg,Authentic
Au_cha_20022.jpg,Authentic
Au_cha_20023.jpg,Authentic
Au_cha_20024.jpg,Spliced
Au_cha_20025.jpg,Spliced
Au_cha_20026.jpg,Authentic
Au_cha_20027.jpg,Authentic
Au_cha_20028.jpg,Authentic
Au_cha_20029.jpg,Authentic
Au_cha_20030.jpg,Authentic
Au_cha_20031.jpg,Authentic
Au_cha_20032.jpg,Authentic
Au_cha_20033.jpg,Authentic
Au_cha_20034.jpg,Authentic
Au_cha_20035.jpg,Authentic
Au_cha_20036.jpg,Authentic
Au_cha_20037.jpg,Authentic
Au_cha_20038.jpg,Authentic
Au_cha_20039.jpg,Authentic
Au_cha_20040.jpg,Authentic
Au_cha_20041.jpg,Authentic
Au_cha_20042.jpg,Authentic
Au_cha_20043.jpg,Authentic
Au_cha_20044.jpg,Authentic
Au_cha_20045.jpg,Spliced
Au_cha_20046.jpg,Authentic
Au_cha_20047.jpg,Authentic
Au_cha_20048.jpg,Authentic
Au_cha_30001.jpg,Authentic
Au_cha_30002.jpg,Authentic
Au_cha_30003.jpg,Authentic
Au_cha_30004.jpg,Authentic
Au_cha_30005.jpg,Authentic
Au_cha_30006.jpg,Authentic
Au_cha_30007.jpg,Authentic
Au_cha_30008.jpg,Authentic
Au_cha_30009.jpg,Authentic
Au_cha_30010.jpg,Authentic
Au_cha_30011.jpg,Authentic
Au_cha_30012.jpg,Authentic
Au_cha_30013.jpg,Authentic
Au_cha_30014.jpg,Authentic
Au_cha_30015.jpg,Authentic
Au_cha_30016.jpg,Authentic
Au_cha_30017.jpg,Authentic
Au_cha_30018.jpg,Authentic
Au_cha_30019.jpg,Authentic
Au_cha_30020.jpg,Authentic
Au_cha_30021.jpg,Authentic
Au_cha_30022.jpg,Authentic
Au_cha_30023.jpg,Authentic
Au_cha_30024.jpg,Authentic
Au_cha_30025.jpg,Authentic
Au_cha_30026.jpg,Authentic
Au_cha_30027.jpg,Authentic
Au_cha_30028.jpg,Authentic
Au_cha_30029.jpg,Authentic
Au_cha_30030.jpg,Authentic
Au_cha_30031.jpg,Authentic
Au_cha_30032.jpg,Authentic
Au_cha_30033.jpg,Authentic
Au_cha_30034.jpg,Authentic
Au_cha_30035.jpg,Authentic
Au_cha_30036.jpg,Authentic
Au_cha_30037.jpg,Authentic
Au_cha_30038.jpg,Authentic
Au_cha_30039.jpg,Authentic
Au_cha_30040.jpg,Authentic
Au_cha_30041.jpg,Authentic
Au_cha_30042.jpg,Authentic
Au_cha_30043.jpg,Authentic
Au_cha_30044.jpg,Authentic
Au_cha_30045.jpg,Authentic
Au_cha_30046.jpg,Authentic
Au_cha_30047.jpg,Authentic
Au_cha_30048.jpg,Authentic
Au_cha_30049.jpg,Authentic
Au_cha_30050.jpg,Authentic
Au_cha_30051.jpg,Authentic
Au_cha_30052.jpg,Authentic
Au_cha_30053.jpg,Authentic
Au_cha_30054.jpg,Authentic
Au_cha_30055.jpg,Authentic
Au_cha_30056.jpg,Authentic
Au_cha_30057.jpg,Authentic
Au_cha_30058.jpg,Authentic
Au_cha_30059.jpg,Authentic
Au_cha_30060.jpg,Authentic
Au_cha_30061.jpg,Authentic
Au_cha_30062.jpg,Authentic
Au_cha_30063.jpg,Authentic
Au_cha_30064.jpg,Authentic
Au_cha_30065.jpg,Authentic
Au_cha_30066.jpg,Authentic
Au_cha_30067.jpg,Authentic
Au_cha_30068.jpg,Authentic
Au_cha_30069.jpg,Authentic
Au_cha_30070.jpg,Authentic
Au_cha_30071.jpg,Authentic
Au_cha_30072.jpg,Authentic
Au_cha_30073.jpg,Authentic
Au_cha_30074.jpg,Authentic
Au_cha_30075.jpg,Authentic
Au_cha_30076.jpg,Authentic
Au_cha_30077.jpg,Authentic
Au_cha_30078.jpg,Authentic
Au_cha_30079.jpg,Authentic
Au_cha_30080.jpg,Authentic
Au_cha_30081.jpg,Authentic
Au_cha_30082.jpg,Authentic
Au_cha_30083.jpg,Authentic
Au_cha_30084.jpg,Authentic
Au_cha_30085.jpg,Authentic
Au_cha_30086.jpg,Authentic
Au_cha_30087.jpg,Authentic
Au_cha_30088.jpg,Authentic
Au_cha_30089.jpg,Authentic
Au_cha_30090.jpg,Authentic
Au_cha_30091.jpg,Authentic
Au_cha_30092.jpg,Authentic
Au_cha_30093.jpg,Authentic
Au_cha_30094.jpg,Authentic
Au_cha_30095.jpg,Authentic
Au_cha_30096.jpg,Authentic
Au_cha_30097.jpg,Authentic
Au_cha_30098.jpg,Authentic
Au_cha_30099.jpg,Authentic
Au_cha_30100.jpg,Authentic
Au_cha_30101.jpg,Authentic
Au_cha_30102.jpg,Spliced
Au_cha_30103.jpg,Authentic
Au_cha_30104.jpg,Authentic
Au_cha_30105.jpg,Authentic
Au_cha_30106.jpg,Authentic
Au_cha_30107.jpg,Authentic
Au_cha_30108.jpg,Authentic
Au_cha_30109.jpg,Authentic
Au_cha_30110.jpg,Spliced
Au_cha_30111.jpg,Authentic
Au_cha_30112.jpg,Authentic
Au_cha_30113.jpg,Authentic
Au_cha_30114.jpg,Authentic
Au_cha_30115.jpg,Authentic
Au_cha_30116.jpg,Authentic
Au_cha_30117.jpg,Authentic
Au_cha_30118.jpg,Authentic
Au_cha_30119.jpg,Authentic
Au_cha_30120.jpg,Authentic
Au_cha_30121.jpg,Authentic
Au_cha_30122.jpg,Authentic
Au_cha_30123.jpg,Authentic
Au_cha_30124.jpg,Authentic
Au_cha_30125.jpg,Authentic
Au_cha_30126.jpg,Authentic
Au_cha_30127.jpg,Authentic
Au_cha_30128.jpg,Authentic
Au_cha_30129.jpg,Spliced
Au_cha_30130.jpg,Authentic
Au_cha_30131.jpg,Authentic
Au_cha_30132.jpg,Authentic
Au_cha_30133.jpg,Authentic
Au_cha_30134.jpg,Authentic
Au_cha_30135.jpg,Authentic
Au_cha_30136.jpg,Authentic
Au_cha_30137.jpg,Authentic
Au_cha_30138.jpg,Authentic
Au_cha_30139.jpg,Authentic
Au_cha_30140.jpg,Authentic
Au_cha_30141.jpg,Authentic
Au_cha_30142.jpg,Authentic
Au_cha_30143.jpg,Authentic
Au_cha_30144.jpg,Authentic
Au_cha_30145.jpg,Authentic
Au_cha_30146.jpg,Authentic
Au_cha_30147.jpg,Authentic
Au_cha_30148.jpg,Authentic
Au_cha_30149.jpg,Authentic
Au_cha_30150.jpg,Authentic
Au_cha_30151.jpg,Authentic
Au_cha_30152.jpg,Authentic
Au_cha_30153.jpg,Authentic
Au_cha_30154.jpg,Authentic
Au_cha_30155.jpg,Authentic
Au_cha_30156.jpg,Authentic
Au_cha_30157.jpg,Authentic
Au_cha_30158.jpg,Authentic
Au_cha_30159.jpg,Authentic
Au_cha_30160.jpg,Authentic
Au_cha_30161.jpg,Authentic
Au_cha_30162.jpg,Authentic
Au_cha_30163.jpg,Authentic
Au_cha_30164.jpg,Authentic
Au_cha_30165.jpg,Authentic
Au_cha_30166.jpg,Authentic
Au_cha_30167.jpg,Authentic
Au_cha_30168.jpg,Authentic
Au_cha_30169.jpg,Authentic
Au_cha_30170.jpg,Authentic
Au_cha_30171.jpg,Authentic
Au_cha_30172.jpg,Authentic
Au_cha_30173.jpg,Authentic
Au_cha_30174.jpg,Authentic
Au_cha_30175.jpg,Authentic
Au_cha_30176.jpg,Authentic
Au_cha_30177.jpg,Authentic
Au_cha_30178.jpg,Authentic
Au_cha_30179.jpg,Authentic
Au_cha_30180.jpg,Authentic
Au_cha_30181.jpg,Authentic
Au_cha_30182.jpg,Authentic
Au_cha_30183.jpg,Authentic
Au_cha_30184.jpg,Authentic
Au_cha_30185.jpg,Authentic
Au_cha_30186.jpg,Authentic
Au_cha_30187.jpg,Authentic
Au_cha_30188.jpg,Authentic
Au_cha_30189.jpg,Authentic
Au_cha_30190.jpg,Authentic
Au_cha_30191.jpg,Authentic
Au_cha_30192.jpg,Authentic
Au_cha_30193.jpg,Authentic
Au_cha_30194.jpg,Authentic
Au_cha_30195.jpg,Authentic
Au_cha_30196.jpg,Authentic
Au_cha_30197.jpg,Authentic
Au_cha_30198.jpg,Authentic
Au_cha_30199.jpg,Authentic
Au_cha_30200.jpg,Authentic
Au_cha_30201.jpg,Authentic
Au_cha_30202.jpg,Authentic
Au_cha_30203.jpg,Authentic
Au_cha_30204.jpg,Authentic
Au_cha_30205.jpg,Authentic
Au_cha_30206.jpg,Authentic
Au_cha_30207.jpg,Authentic
Au_cha_30208.jpg,Authentic
Au_cha_30209.jpg,Spliced
Au_cha_30210.jpg,Authentic
Au_cha_30211.jpg,Spliced
Au_cha_30212.jpg,Authentic
Au_cha_30213.jpg,Authentic
Au_cha_30214.jpg,Authentic
Au_cha_30215.jpg,Authentic
Au_cha_30216.jpg,Authentic
Au_cha_30217.jpg,Authentic
Au_cha_30218.jpg,Authentic
Au_cha_30219.jpg,Authentic
Au_cha_30220.jpg,Authentic
Au_cha_30221.jpg,Authentic
Au_cha_30222.jpg,Authentic
Au_cha_30223.jpg,Authentic
Au_cha_30224.jpg,Authentic
Au_cha_30225.jpg,Authentic
Au_cha_30226.jpg,Authentic
Au_cha_30227.jpg,Authentic
Au_cha_30228.jpg,Authentic
Au_cha_30229.jpg,Authentic
Au_cha_30230.jpg,Authentic
Au_cha_30231.jpg,Authentic
Au_cha_30232.jpg,Authentic
Au_cha_30233.jpg,Authentic
Au_cha_30234.jpg,Authentic
Au_cha_30235.jpg,Authentic
Au_cha_30236.jpg,Authentic
Au_cha_30237.jpg,Authentic
Au_cha_30238.jpg,Authentic
Au_cha_30239.jpg,Authentic
Au_cha_30240.jpg,Authentic
Au_cha_30241.jpg,Authentic
Au_cha_30242.jpg,Authentic
Au_cha_30243.jpg,Authentic
Au_cha_30244.jpg,Authentic
Au_cha_30245.jpg,Authentic
Au_cha_30246.jpg,Authentic
Au_cha_30247.jpg,Authentic
Au_cha_30248.jpg,Authentic
Au_cha_30249.jpg,Authentic
Au_cha_30250.jpg,Authentic
Au_cha_30251.jpg,Authentic
Au_cha_30252.jpg,Authentic
Au_cha_30253.jpg,Authentic
Au_cha_30254.jpg,Authentic
Au_cha_30255.jpg,Authentic
Au_cha_30256.jpg,Authentic
Au_cha_30257.jpg,Authentic
Au_cha_30258.jpg,Authentic
Au_cha_30259.jpg,Authentic
Au_cha_30260.jpg,Authentic
Au_cha_30261.jpg,Authentic
Au_cha_30262.jpg,Authentic
Au_cha_30263.jpg,Authentic
Au_cha_30264.jpg,Authentic
Au_cha_30265.jpg,Authentic
Au_cha_30266.jpg,Authentic
Au_cha_30267.jpg,Authentic
Au_cha_30268.jpg,Authentic
Au_cha_30269.jpg,Authentic
Au_cha_30270.jpg,Authentic
Au_cha_30271.jpg,Spliced
Au_cha_30272.jpg,Authentic
Au_cha_30273.jpg,Authentic
Au_cha_30274.jpg,Authentic
Au_cha_30275.jpg,Authentic
Au_cha_30276.jpg,Authentic
Au_cha_30277.jpg,Authentic
Au_cha_30278.jpg,Authentic
Au_cha_30279.jpg,Authentic
Au_cha_30280.jpg,Authentic
Au_cha_30281.jpg,Authentic
Au_cha_30282.jpg,Authentic
Au_cha_30283.jpg,Authentic
Au_cha_30284.jpg,Authentic
Au_cha_30285.jpg,Authentic
Au_cha_30286.jpg,Authentic
Au_cha_30287.jpg,Authentic
Au_cha_30288.jpg,Authentic
Au_cha_30289.jpg,Authentic
Au_cha_30290.jpg,Authentic
Au_cha_30291.jpg,Authentic
Au_cha_30292.jpg,Authentic
Au_cha_30293.jpg,Authentic
Au_cha_30294.jpg,Authentic
Au_cha_30295.jpg,Authentic
Au_cha_30296.jpg,Authentic
Au_cha_30297.jpg,Authentic
Au_cha_30298.jpg,Authentic
Au_cha_30299.jpg,Authentic
Au_cha_30300.jpg,Authentic
Au_cha_30301.jpg,Authentic
Au_cha_30303.jpg,Authentic
Au_cha_30304.jpg,Authentic
Au_cha_30305.jpg,Authentic
Au_cha_30306.jpg,Authentic
Au_cha_30307.jpg,Authentic
Au_cha_30308.jpg,Authentic
Au_cha_30309.jpg,Authentic
Au_cha_30310.jpg,Authentic
Au_cha_30311.jpg,Authentic
Au_cha_30312.jpg,Authentic
Au_cha_30313.jpg,Authentic
Au_cha_30314.jpg,Authentic
Au_cha_30315.jpg,Authentic
Au_cha_30316.jpg,Authentic
Au_cha_30317.jpg,Authentic
Au_cha_30318.jpg,Authentic
Au_cha_30319.jpg,Authentic
Au_cha_30320.jpg,Authentic
Au_cha_30321.jpg,Authentic
Au_cha_30322.jpg,Authentic
Au_cha_30323.jpg,Authentic
Au_cha_30324.jpg,Authentic
Au_cha_30325.jpg,Authentic
Au_cha_30326.jpg,Authentic
Au_cha_30327.jpg,Authentic
Au_cha_30328.jpg,Authentic
Au_cha_30330.jpg,Authentic
Au_cha_30331.jpg,Authentic
Au_cha_30332.jpg,Authentic
Au_cha_30333.jpg,Authentic
Au_cha_30334.jpg,Authentic
Au_cha_30335.jpg,Authentic
Au_cha_30336.jpg,Authentic
Au_cha_30337.jpg,Authentic
Au_cha_30338.jpg,Authentic
Au_cha_30339.jpg,Authentic
Au_cha_30340.jpg,Authentic
Au_cha_30341.jpg,Authentic
Au_cha_30342.jpg,Authentic
Au_cha_30343.jpg,Authentic
Au_cha_30344.jpg,Authentic
Au_cha_30345.jpg,Authentic
Au_cha_30346.jpg,Authentic
Au_cha_30347.jpg,Authentic
Au_cha_30348.jpg,Authentic
Au_cha_30349.jpg,Authentic
Au_cha_30350.jpg,Authentic
Au_cha_30351.jpg,Authentic
Au_cha_30352.jpg,Authentic
Au_cha_30353.jpg,Authentic
Au_cha_30354.jpg,Authentic
Au_cha_30355.jpg,Authentic
Au_cha_30356.jpg,Authentic
Au_cha_30357.jpg,Authentic
Au_cha_30358.jpg,Authentic
Au_cha_30359.jpg,Authentic
Au_cha_30360.jpg,Authentic
Au_cha_30361.jpg,Authentic
Au_cha_30362.jpg,Authentic
Au_cha_30363.jpg,Authentic
Au_cha_30364.jpg,Authentic
Au_cha_30365.jpg,Authentic
Au_cha_30366.jpg,Authentic
Au_cha_30367.jpg,Authentic
Au_cha_30368.jpg,Authentic
Au_cha_30369.jpg,Authentic
Au_cha_30370.jpg,Authentic
Au_cha_30371.jpg,Authentic
Au_cha_30372.jpg,Authentic
Au_cha_30373.jpg,Authentic
Au_cha_30374.jpg,Authentic
Au_cha_30375.jpg,Authentic
Au_cha_30376.jpg,Authentic
Au_cha_30377.jpg,Authentic
Au_cha_30378.jpg,Authentic
Au_cha_30379.jpg,Authentic
Au_cha_30380.jpg,Authentic
Au_cha_30381.jpg,Authentic
Au_cha_30382.jpg,Authentic
Au_cha_30383.jpg,Authentic
Au_cha_30384.jpg,Authentic
Au_cha_30385.jpg,Authentic
Au_cha_30386.jpg,Authentic
Au_cha_30387.jpg,Authentic
Au_cha_30388.jpg,Authentic
Au_cha_30389.jpg,Authentic
Au_cha_30390.jpg,Authentic
Au_cha_30391.jpg,Authentic
Au_cha_30392.jpg,Authentic
Au_cha_30393.jpg,Authentic
Au_cha_30394.jpg,Authentic
Au_cha_30395.jpg,Authentic
Au_cha_30396.jpg,Authentic
Au_cha_30397.jpg,Authentic
Au_cha_30398.jpg,Authentic
Au_cha_30399.jpg,Authentic
Au_cha_30400.jpg,Authentic
Au_cha_30401.jpg,Authentic
Au_cha_30402.jpg,Authentic
Au_cha_30403.jpg,Authentic
Au_cha_30404.jpg,Authentic
Au_cha_30405.jpg,Authentic
Au_cha_30406.jpg,Authentic
Au_cha_30407.jpg,Authentic
Au_cha_30408.jpg,Authentic
Au_cha_30409.jpg,Authentic
Au_cha_30410.jpg,Authentic
Au_cha_30411.jpg,Authentic
Au_cha_30412.jpg,Authentic
Au_cha_30413.jpg,Authentic
Au_cha_30414.jpg,Authentic
Au_cha_30415.jpg,Authentic
Au_cha_30416.jpg,Authentic
Au_cha_30417.jpg,Authentic
Au_cha_30418.jpg,Authentic
Au_cha_30419.jpg,Authentic
Au_cha_30420.jpg,Authentic
Au_cha_30421.jpg,Authentic
Au_cha_30422.jpg,Authentic
Au_cha_30423.jpg,Authentic
Au_cha_30424.jpg,Authentic
Au_cha_30425.jpg,Authentic
Au_cha_30426.jpg,Authentic
Au_cha_30427.jpg,Authentic
Au_cha_30428.jpg,Authentic
Au_cha_30429.jpg,Authentic
Au_cha_30430.jpg,Authentic
Au_cha_30431.jpg,Authentic
Au_cha_30432.jpg,Authentic
Au_cha_30434.jpg,Authentic
Au_cha_30435.jpg,Authentic
Au_cha_30436.jpg,Authentic
Au_cha_30437.jpg,Authentic
Au_cha_30438.jpg,Authentic
Au_cha_30439.jpg,Authentic
Au_cha_30440.jpg,Authentic
Au_cha_30441.jpg,Authentic
Au_cha_30442.jpg,Authentic
Au_cha_30443.jpg,Authentic
Au_cha_30444.jpg,Authentic
Au_cha_30445.jpg,Authentic
Au_cha_30446.jpg,Authentic
Au_cha_30447.jpg,Authentic
Au_cha_30448.jpg,Authentic
Au_cha_30449.jpg,Authentic
Au_cha_30450.jpg,Authentic
Au_cha_30451.jpg,Authentic
Au_cha_30452.jpg,Authentic
Au_cha_30453.jpg,Authentic
Au_cha_30454.jpg,Authentic
Au_cha_30455.jpg,Authentic
Au_cha_30456.jpg,Authentic
Au_cha_30457.jpg,Authentic
Au_cha_30458.jpg,Authentic
Au_cha_30459.jpg,Authentic
Au_cha_30460.jpg,Authentic
Au_cha_30461.jpg,Authentic
Au_cha_30462.jpg,Authentic
Au_cha_30463.jpg,Authentic
Au_cha_30464.jpg,Authentic
Au_cha_30465.jpg,Authentic
Au_cha_30466.jpg,Authentic
Au_cha_30467.jpg,Authentic
Au_cha_30468.jpg,Authentic
Au_cha_30469.jpg,Authentic
Au_cha_30470.jpg,Authentic
Au_cha_30471.jpg,Authentic
Au_cha_30472.jpg,Authentic
Au_cha_30473.jpg,Authentic
Au_cha_30474.jpg,Authentic
Au_cha_30475.jpg,Authentic
Au_cha_30476.jpg,Authentic
Au_cha_30477.jpg,Authentic
Au_cha_30478.jpg,Authentic
Au_cha_30479.jpg,Authentic
Au_cha_30480.jpg,Authentic
Au_cha_30481.jpg,Authentic
Au_cha_30482.jpg,Authentic
Au_cha_30483.jpg,Authentic
Au_cha_30484.jpg,Authentic
Au_cha_30485.jpg,Authentic
Au_cha_30486.jpg,Authentic
Au_cha_30487.jpg,Authentic
Au_cha_30488.jpg,Authentic
Au_cha_30489.jpg,Authentic
Au_cha_30490.jpg,Authentic
Au_cha_30491.jpg,Authentic
Au_cha_30492.jpg,Authentic
Au_cha_30493.jpg,Authentic
Au_cha_30494.jpg,Authentic
Au_cha_30495.jpg,Authentic
Au_cha_30496.jpg,Authentic
Au_cha_30497.jpg,Authentic
Au_cha_30498.jpg,Authentic
Au_cha_30499.jpg,Authentic
Au_cha_30500.jpg,Authentic
Au_cha_30501.jpg,Authentic
Au_cha_30502.jpg,Authentic
Au_cha_30503.jpg,Authentic
Au_cha_30504.jpg,Authentic
Au_cha_30505.jpg,Authentic
Au_cha_30506.jpg,Authentic
Au_cha_30507.jpg,Authentic
Au_cha_30508.jpg,Spliced
Au_cha_30509.jpg,Authentic
Au_cha_30510.jpg,Authentic
Au_cha_30511.jpg,Authentic
Au_cha_30512.jpg,Authentic
Au_cha_30513.jpg,Authentic
Au_cha_30514.jpg,Authentic
Au_cha_30515.jpg,Authentic
Au_cha_30516.jpg,Authentic
Au_cha_30517.jpg,Authentic
Au_cha_30518.jpg,Authentic
Au_cha_30519.jpg,Authentic
Au_cha_30520.jpg,Authentic
Au_cha_30521.jpg,Authentic
Au_cha_30522.jpg,Authentic
Au_cha_30523.jpg,Authentic
Au_cha_30524.jpg,Authentic
Au_cha_30525.jpg,Authentic
Au_cha_30526.jpg,Authentic
Au_cha_30527.jpg,Authentic
Au_cha_30528.jpg,Authentic
Au_cha_30529.jpg,Authentic
Au_cha_30531.jpg,Authentic
Au_cha_30532.jpg,Authentic
Au_cha_30533.jpg,Authentic
Au_cha_30534.jpg,Authentic
Au_cha_30535.jpg,Authentic
Au_cha_30536.jpg,Authentic
Au_cha_30537.jpg,Authentic
Au_cha_30538.jpg,Authentic
Au_cha_30539.jpg,Authentic
Au_cha_30540.jpg,Authentic
Au_cha_30541.jpg,Authentic
Au_cha_30542.jpg,Authentic
Au_cha_30543.jpg,Authentic
Au_cha_30544.jpg,Authentic
Au_cha_30545.jpg,Authentic
Au_cha_30546.jpg,Authentic
Au_cha_30547.jpg,Authentic
Au_cha_30548.jpg,Authentic
Au_cha_30549.jpg,Authentic
Au_cha_30550.jpg,Authentic
Au_cha_30551.jpg,Authentic
Au_cha_30552.jpg,Authentic
Au_cha_30553.jpg,Authentic
Au_cha_30554.jpg,Authentic
Au_cha_30555.jpg,Authentic
Au_cha_30556.jpg,Authentic
Au_cha_30557.jpg,Authentic
Au_cha_30558.jpg,Authentic
Au_cha_30559.jpg,Authentic
Au_cha_30560.jpg,Authentic
Au_cha_30561.jpg,Authentic
Au_cha_30562.jpg,Authentic
Au_cha_30563.jpg,Authentic
Au_cha_30564.jpg,Authentic
Au_cha_30565.jpg,Authentic
Au_cha_30566.jpg,Authentic
Au_cha_30567.jpg,Authentic
Au_cha_30568.jpg,Authentic
Au_cha_30569.jpg,Authentic
Au_cha_30570.jpg,Authentic
Au_cha_30571.jpg,Authentic
Au_cha_30572.jpg,Authentic
Au_cha_30573.jpg,Authentic
Au_cha_30574.jpg,Authentic
Au_cha_30575.jpg,Authentic
Au_cha_30576.jpg,Authentic
Au_cha_30577.jpg,Authentic
Au_cha_30578.jpg,Authentic
Au_cha_30579.jpg,Authentic
Au_cha_30580.jpg,Authentic
Au_cha_30581.jpg,Authentic
Au_cha_30582.jpg,Authentic
Au_cha_30583.jpg,Authentic
Au_cha_30584.jpg,Authentic
Au_cha_30585.jpg,Authentic
Au_cha_30586.jpg,Authentic
Au_cha_30587.jpg,Authentic
Au_cha_30588.jpg,Authentic
Au_cha_30589.jpg,Authentic
Au_cha_30590.jpg,Authentic
Au_cha_30591.jpg,Authentic
Au_cha_30592.jpg,Authentic
Au_cha_30593.jpg,Authentic
Au_cha_30594.jpg,Authentic
Au_cha_30596.jpg,Authentic
Au_cha_30597.jpg,Authentic
Au_cha_30598.jpg,Authentic
Au_cha_30599.jpg,Authentic
Au_cha_30600.jpg,Authentic
Au_cha_30601.jpg,Authentic
Au_cha_30602.jpg,Authentic
Au_cha_30603.jpg,Authentic
Au_cha_30604.jpg,Authentic
Au_cha_30605.jpg,Spliced
Au_cha_30606.jpg,Authentic
Au_cha_30607.jpg,Authentic
Au_cha_30608.jpg,Authentic
Au_cha_30609.jpg,Authentic
Au_cha_30610.jpg,Authentic
Au_cha_30611.jpg,Authentic
Au_cha_30612.jpg,Authentic
Au_cha_30613.jpg,Authentic
Au_cha_30614.jpg,Authentic
Au_cha_30615.jpg,Authentic
Au_cha_30616.jpg,Authentic
Au_cha_30617.jpg,Authentic
Au_cha_30618.jpg,Authentic
Au_cha_30619.jpg,Authentic
Au_cha_30620.jpg,Authentic
Au_cha_30621.jpg,Authentic
Au_cha_30622.jpg,Authentic
Au_cha_30623.jpg,Authentic
Au_cha_30624.jpg,Authentic
Au_cha_30625.jpg,Authentic
Au_cha_30626.jpg,Authentic
Au_cha_30627.jpg,Authentic
Au_cha_30628.jpg,Authentic
Au_cha_30629.jpg,Authentic
Au_cha_30630.jpg,Authentic
Au_cha_30631.jpg,Authentic
Au_cha_30632.jpg,Authentic
Au_cha_30633.jpg,Authentic
Au_cha_30634.jpg,Authentic
Au_cha_30635.jpg,Authentic
Au_cha_30636.jpg,Authentic
Au_cha_30637.jpg,Authentic
Au_cha_30638.jpg,Authentic
Au_cha_30639.jpg,Spliced
Au_cha_30640.jpg,Authentic
Au_cha_30641.jpg,Authentic
Au_cha_30643.jpg,Authentic
Au_cha_30644.jpg,Authentic
Au_cha_30645.jpg,Authentic
Au_cha_30646.jpg,Authentic
Au_cha_30647.jpg,Authentic
Au_cha_30648.jpg,Authentic
Au_cha_30649.jpg,Authentic
Au_cha_30650.jpg,Authentic
Au_cha_30651.jpg,Authentic
Au_cha_30652.jpg,Authentic
Au_cha_30653.jpg,Authentic
Au_cha_30654.jpg,Authentic
Au_cha_30655.jpg,Authentic
Au_cha_30656.jpg,Authentic
Au_cha_30658.jpg,Authentic
Au_cha_30659.jpg,Authentic
Au_cha_30660.jpg,Authentic
Au_cha_30661.jpg,Authentic
Au_cha_30662.jpg,Authentic
Au_cha_30663.jpg,Authentic
Au_cha_30664.jpg,Authentic
Au_cha_30665.jpg,Authentic
Au_cha_30666.jpg,Authentic
Au_cha_30667.jpg,Authentic
Au_cha_30668.jpg,Authentic
Au_cha_30669.jpg,Authentic
Au_cha_30670.jpg,Authentic
Au_cha_30671.jpg,Authentic
Au_cha_30672.jpg,Authentic
Au_cha_30673.jpg,Authentic
Au_cha_30674.jpg,Authentic
Au_cha_30675.jpg,Authentic
Au_cha_30676.jpg,Authentic
Au_cha_30677.jpg,Authentic
Au_cha_30678.jpg,Authentic
Au_cha_30679.jpg,Authentic
Au_cha_30680.jpg,Authentic
Au_cha_30681.jpg,Authentic
Au_cha_30682.jpg,Authentic
Au_cha_30683.jpg,Authentic
Au_cha_30684.jpg,Authentic
Au_cha_30685.jpg,Authentic
Au_cha_30686.jpg,Authentic
Au_cha_30687.jpg,Authentic
Au_cha_30688.jpg,Authentic
Au_cha_30689.jpg,Authentic
Au_cha_30690.jpg,Authentic
Au_cha_30691.jpg,Authentic
Au_cha_30692.jpg,Authentic
Au_cha_30693.jpg,Authentic
Au_cha_30694.jpg,Authentic
Au_cha_30695.jpg,Authentic
Au_cha_30696.jpg,Authentic
Au_cha_30698.jpg,Authentic
Au_cha_30699.jpg,Authentic
Au_cha_30700.jpg,Authentic
Au_cha_30701.jpg,Authentic
Au_cha_30702.jpg,Authentic
Au_cha_30703.jpg,Authentic
Au_cha_30704.jpg,Authentic
Au_cha_30705.jpg,Authentic
Au_cha_30706.jpg,Authentic
Au_cha_30707.jpg,Authentic
Au_cha_30708.jpg,Authentic
Au_cha_30709.jpg,Authentic
Au_cha_30710.jpg,Authentic
Au_cha_30711.jpg,Authentic
Au_cha_30712.jpg,Authentic
Au_cha_30713.jpg,Authentic
Au_cha_30714.jpg,Authentic
Au_cha_30715.jpg,Authentic
Au_cha_30716.jpg,Authentic
Au_cha_30717.jpg,Authentic
Au_cha_30718.jpg,Authentic
Au_cha_30719.jpg,Authentic
